    1CFEMAST
    1Ugenerated by FEMaster
    2C                           266                                     1
 -1         1-1.50000E+01-1.80000E-15 0.00000E+00
 -1         2 1.50000E+01 0.00000E+00 0.00000E+00
 -1         3 1.50000E+01 0.00000E+00 8.00000E+01
 -1         4-1.50000E+01-1.80000E-15 8.00000E+01
 -1         5-1.29825E+01-7.51360E+00 0.00000E+00
 -1         6-7.43188E+00-1.30295E+01 0.00000E+00
 -1         7-2.80000E-15-1.50000E+01 0.00000E+00
 -1         8 7.47278E+00-1.30061E+01 0.00000E+00
 -1         9 1.28871E+01-7.67614E+00 0.00000E+00
 -1        10 1.50000E+01 0.00000E+00 8.24000E+00
 -1        11 1.50000E+01 0.00000E+00 1.62400E+01
 -1        12 1.50000E+01 0.00000E+00 2.41600E+01
 -1        13 1.50000E+01 0.00000E+00 3.21600E+01
 -1        14 1.50000E+01 0.00000E+00 4.01600E+01
 -1        15 1.50000E+01 0.00000E+00 4.80800E+01
 -1        16 1.50000E+01 0.00000E+00 5.60800E+01
 -1        17 1.50000E+01 0.00000E+00 6.40800E+01
 -1        18 1.50000E+01 0.00000E+00 7.20800E+01
 -1        19-1.29351E+01-7.59502E+00 8.00000E+01
 -1        20-7.26756E+00-1.31218E+01 8.00000E+01
 -1        21 2.82727E-01-1.49973E+01 8.00000E+01
 -1        22 7.75696E+00-1.28386E+01 8.00000E+01
 -1        23 1.30989E+01-7.30875E+00 8.00000E+01
 -1        24-1.50000E+01-1.80000E-15 7.18400E+01
 -1        25-1.50000E+01-1.80000E-15 6.38400E+01
 -1        26-1.50000E+01-1.80000E-15 5.59200E+01
 -1        27-1.50000E+01-1.80000E-15 4.79200E+01
 -1        28-1.50000E+01-1.80000E-15 3.99200E+01
 -1        29-1.50000E+01-1.80000E-15 3.20000E+01
 -1        30-1.50000E+01-1.80000E-15 2.40000E+01
 -1        31-1.50000E+01-1.80000E-15 1.60000E+01
 -1        32-1.50000E+01-1.80000E-15 8.00000E+00
 -1        33 1.30989E+01 7.30875E+00 8.00000E+01
 -1        34 7.71659E+00 1.28629E+01 8.00000E+01
 -1        35 9.42472E-02 1.49997E+01 8.00000E+01
 -1        36-7.43188E+00 1.30295E+01 8.00000E+01
 -1        37-1.28871E+01 7.67614E+00 8.00000E+01
 -1        38 1.30061E+01 7.47278E+00 0.00000E+00
 -1        39 7.59502E+00 1.29351E+01 0.00000E+00
 -1        40-4.71238E-02 1.49999E+01 0.00000E+00
 -1        41-7.51360E+00 1.29825E+01 0.00000E+00
 -1        42-1.29111E+01 7.63562E+00 0.00000E+00
 -1        43-1.13917E+01-9.75858E+00 7.06777E+00
 -1        44 3.21175E+00-1.46521E+01 8.27411E+00
 -1        45 1.34956E+01-6.54741E+00 1.14519E+01
 -1        46 1.37791E+01-5.92753E+00 2.76893E+01
 -1        47 1.35202E+01-6.49646E+00 4.34737E+01
 -1        48 1.32716E+01-6.99029E+00 5.94804E+01
 -1        49-1.13676E+01-9.78666E+00 7.31398E+01
 -1        50-4.48015E+00-1.43153E+01 7.26326E+01
 -1        51 3.88859E+00-1.44872E+01 7.22797E+01
 -1        52 1.11357E+01-1.00497E+01 7.27895E+01
 -1        53-1.33968E+01-6.74735E+00 6.01748E+01
 -1        54-1.35305E+01-6.47496E+00 4.41436E+01
 -1        55-1.34171E+01-6.70680E+00 2.79047E+01
 -1        56-1.37333E+01-6.03303E+00 1.29689E+01
 -1        57-4.61499E+00-1.42724E+01 7.99490E+00
 -1        58 9.67254E+00-1.14648E+01 7.21013E+00
 -1        59 1.36565E+01-6.20490E+00 1.96721E+01
 -1        60 1.36239E+01-6.27617E+00 3.55308E+01
 -1        61 1.33972E+01-6.74643E+00 5.15211E+01
 -1        62 1.34870E+01-6.56513E+00 6.67345E+01
 -1        63-1.37523E+01-5.98949E+00 6.71580E+01
 -1        64-1.34151E+01-6.71086E+00 5.23418E+01
 -1        65-1.35018E+01-6.53462E+00 3.60053E+01
 -1        66-1.34631E+01-6.61405E+00 2.00308E+01
 -1        67 9.17195E+00-1.18691E+01 4.66758E+01
 -1        68-1.28684E+00-1.49447E+01 1.75645E+01
 -1        69 8.29902E+00-1.24950E+01 1.59632E+01
 -1        70 9.46513E+00-1.16366E+01 3.86194E+01
 -1        71-8.74514E+00-1.21870E+01 2.33478E+01
 -1        72-7.94690E+00-1.27219E+01 5.74435E+01
 -1        73-9.26284E+00-1.17983E+01 6.57774E+01
 -1        74-9.31127E+00-1.17601E+01 1.48940E+01
 -1        75-1.48047E+00-1.49268E+01 6.49733E+01
 -1        76 7.85308E+00-1.27800E+01 6.41497E+01
 -1        77-9.29251E+00-1.17749E+01 4.02101E+01
 -1        78-9.32051E+00-1.17528E+01 4.84665E+01
 -1        79 9.83189E+00-1.13285E+01 3.07601E+01
 -1        80-9.03680E+00-1.19723E+01 3.19636E+01
 -1        81 1.05698E+01-1.06433E+01 2.36422E+01
 -1        82 8.61155E+00-1.22817E+01 5.50002E+01
 -1        83-2.49693E+00-1.47907E+01 2.78257E+01
 -1        84 3.32589E+00-1.46266E+01 4.15509E+01
 -1        85 1.26933E+00-1.49462E+01 5.75128E+01
 -1        86 4.67581E+00-1.42526E+01 2.47085E+01
 -1        87 2.90489E+00-1.47160E+01 4.95708E+01
 -1        88 3.75892E+00-1.45214E+01 3.33506E+01
 -1        89-3.14112E+00-1.46674E+01 3.65204E+01
 -1        90-3.62829E+00-1.45546E+01 5.17493E+01
 -1        91-3.44590E+00-1.45988E+01 4.45757E+01
 -1        92 1.01371E+01 1.10562E+01 7.45432E+01
 -1        93 4.37293E+00 1.43484E+01 7.36749E+01
 -1        94-2.75012E+00 1.47457E+01 7.42308E+01
 -1        95-9.38167E+00 1.17040E+01 7.40981E+01
 -1        96-1.35639E+01 6.40481E+00 7.30605E+01
 -1        97 1.36238E+01 6.27620E+00 1.32385E+01
 -1        98 1.34614E+01 6.61746E+00 2.03080E+01
 -1        99 1.35244E+01 6.48779E+00 2.81672E+01
 -1       100 1.35149E+01 6.50744E+00 3.61196E+01
 -1       101 1.34957E+01 6.54729E+00 4.41163E+01
 -1       102 1.34656E+01 6.60894E+00 5.21651E+01
 -1       103 1.35308E+01 6.47434E+00 6.01817E+01
 -1       104 1.40250E+01 5.31978E+00 6.71176E+01
 -1       105 1.12602E+01 9.90995E+00 7.17864E+00
 -1       106-4.46778E+00 1.43192E+01 7.88021E+00
 -1       107-1.37682E+01 5.95294E+00 6.56365E+01
 -1       108-1.37389E+01 6.02010E+00 5.80122E+01
 -1       109-1.36899E+01 6.13090E+00 5.02749E+01
 -1       110-1.36615E+01 6.19375E+00 4.24479E+01
 -1       111-1.36578E+01 6.20188E+00 3.46259E+01
 -1       112-1.37294E+01 6.04178E+00 2.68752E+01
 -1       113-1.35159E+01 6.50533E+00 1.88007E+01
 -1       114-1.23301E+01 8.54211E+00 9.52058E+00
 -1       115 4.15429E+00 1.44133E+01 7.62645E+00
 -1       116 1.36832E+01 6.14580E+00 7.34544E+01
 -1       117 9.13789E-01 1.49721E+01 6.75605E+01
 -1       118-5.44159E+00 1.39782E+01 6.91047E+01
 -1       119-1.02634E+01 1.09391E+01 6.73019E+01
 -1       120 9.37062E+00 1.17129E+01 2.40783E+01
 -1       121 9.28472E+00 1.17811E+01 3.20792E+01
 -1       122 9.23777E+00 1.18179E+01 4.00428E+01
 -1       123 9.19266E+00 1.18531E+01 4.81397E+01
 -1       124 9.14511E+00 1.18898E+01 5.64587E+01
 -1       125 9.38341E+00 1.17026E+01 6.65133E+01
 -1       126-1.53855E-01 1.49992E+01 1.47733E+01
 -1       127-8.02949E+00 1.26699E+01 1.56822E+01
 -1       128 8.69815E+00 1.22206E+01 1.52946E+01
 -1       129-1.01188E+01 1.10730E+01 6.01605E+01
 -1       130-9.88879E+00 1.12788E+01 5.26917E+01
 -1       131-9.79433E+00 1.13609E+01 4.50091E+01
 -1       132-9.70189E+00 1.14400E+01 3.72226E+01
 -1       133-9.78254E+00 1.13711E+01 2.94655E+01
 -1       134-1.03568E+01 1.08506E+01 2.25102E+01
 -1       135-4.72237E+00 1.42372E+01 6.28122E+01
 -1       136 3.05876E+00 1.46848E+01 2.81443E+01
 -1       137 3.00422E+00 1.46961E+01 3.60138E+01
 -1       138 2.94474E+00 1.47081E+01 4.39141E+01
 -1       139 2.81850E+00 1.47328E+01 5.19179E+01
 -1       140 2.56975E+00 1.47782E+01 6.00170E+01
 -1       141-3.84903E+00 1.44978E+01 2.33021E+01
 -1       142-4.20635E+00 1.43981E+01 5.56119E+01
 -1       143-3.98445E+00 1.44611E+01 4.79857E+01
 -1       144-3.82406E+00 1.45044E+01 4.02052E+01
 -1       145-3.75232E+00 1.45231E+01 3.23206E+01
 -1       146 3.57117E+00 1.45687E+01 2.09217E+01
 -1       147 7.93493E+00-2.55867E-02 0.00000E+00
 -1       148 3.97498E+00 6.87128E+00 0.00000E+00
 -1       149-4.01572E+00 6.92218E+00 0.00000E+00
 -1       150-7.99484E+00 2.25598E-03 0.00000E+00
 -1       151-3.97746E+00-6.88899E+00 0.00000E+00
 -1       152 3.95056E+00-6.90348E+00 0.00000E+00
 -1       153-2.33731E-02 2.77087E-03 0.00000E+00
 -1       154 8.00876E+00 2.09252E-02 8.00000E+01
 -1       155 4.09102E+00 6.89243E+00 8.00000E+01
 -1       156-3.94079E+00 6.94649E+00 8.00000E+01
 -1       157-7.94617E+00 3.08166E-03 8.00000E+01
 -1       158-3.86263E+00-6.89700E+00 8.00000E+01
 -1       159 4.09918E+00-6.81997E+00 8.00000E+01
 -1       160 5.80132E-02 3.44968E-02 8.00000E+01
 -1       161-5.15629E-01-4.48047E-01 1.21530E+01
 -1       162 2.22861E+00-4.00381E+00 2.53413E+01
 -1       163-1.73776E+00 6.03766E+00 2.44861E+01
 -1       164-2.89402E-01 1.37029E+00 6.60779E+01
 -1       165-4.34168E-01 4.96435E-01 5.08095E+01
 -1       166-3.92787E-01-5.54262E+00 3.82542E+01
 -1       167 2.10561E-01 5.54908E+00 3.74823E+01
 -1       168-7.50247E+00 6.03216E+00 7.26403E+01
 -1       169 1.15945E-01-6.95780E+00 4.00000E+01
 -1       170 1.15945E-01-6.95780E+00 4.00000E+01
 -1       171-1.23597E+00-8.04368E+00 4.00000E+01
 -1       172-1.23597E+00-8.04368E+00 4.00000E+01
 -1       173 1.57650E+00-1.03532E+01 4.00000E+01
 -1       174 1.57650E+00-1.03532E+01 4.00000E+01
 -1       175 1.58999E+00-6.85410E+00 4.00000E+01
 -1       176 1.58999E+00-6.85410E+00 4.00000E+01
 -1       177 9.41489E+00-1.16765E+01 4.00000E+01
 -1       178 9.41489E+00-1.16765E+01 4.00000E+01
 -1       179 6.57386E+00-1.30448E+01 4.00000E+01
 -1       180 6.57386E+00-1.30448E+01 4.00000E+01
 -1       181 1.06184E+01-1.01748E+01 4.00000E+01
 -1       182 1.06184E+01-1.01748E+01 4.00000E+01
 -1       183 4.26083E+00-5.86166E+00 4.00000E+01
 -1       184 4.26083E+00-5.86166E+00 4.00000E+01
 -1       185 1.35655E+01-6.40012E+00 4.00000E+01
 -1       186 1.35655E+01-6.40012E+00 4.00000E+01
 -1       187 1.33213E+00-1.46392E+01 4.00000E+01
 -1       188 1.33213E+00-1.46392E+01 4.00000E+01
 -1       189 3.40778E+00-1.46067E+01 4.00000E+01
 -1       190 3.40778E+00-1.46067E+01 4.00000E+01
 -1       191 2.33246E+00 7.03830E+00 4.00000E+01
 -1       192 2.33246E+00 7.03830E+00 4.00000E+01
 -1       193 1.28083E+00 9.13430E+00 4.00000E+01
 -1       194 1.28083E+00 9.13430E+00 4.00000E+01
 -1       195 8.87635E-02 4.59457E+00 4.00000E+01
 -1       196 8.87635E-02 4.59457E+00 4.00000E+01
 -1       197-3.82219E+00 1.45049E+01 4.00000E+01
 -1       198-3.82219E+00 1.45049E+01 4.00000E+01
 -1       199-3.48976E+00 1.45137E+01 4.00000E+01
 -1       200-3.48976E+00 1.45137E+01 4.00000E+01
 -1       201-3.52000E+00 1.38295E+01 4.00000E+01
 -1       202-3.52000E+00 1.38295E+01 4.00000E+01
 -1       203-7.94990E-01 7.68531E+00 4.00000E+01
 -1       204-7.94990E-01 7.68531E+00 4.00000E+01
 -1       205-3.98541E-01-4.70289E+00 4.00000E+01
 -1       206-3.98541E-01-4.70289E+00 4.00000E+01
 -1       207 1.37077E+01-4.65322E-01 4.00000E+01
 -1       208 1.37077E+01-4.65322E-01 4.00000E+01
 -1       209 1.41163E+01 3.31577E-01 4.00000E+01
 -1       210 1.41163E+01 3.31577E-01 4.00000E+01
 -1       211 5.25239E+00 5.92791E+00 4.00000E+01
 -1       212 5.25239E+00 5.92791E+00 4.00000E+01
 -1       213 9.08696E+00 1.17132E+01 4.00000E+01
 -1       214 9.08696E+00 1.17132E+01 4.00000E+01
 -1       215 1.35056E+01 6.52678E+00 4.00000E+01
 -1       216 1.35056E+01 6.52678E+00 4.00000E+01
 -1       217 1.49412E+01 2.57698E-01 4.00000E+01
 -1       218 1.49412E+01 2.57698E-01 4.00000E+01
 -1       219-1.91900E+00-6.60426E+00 4.00000E+01
 -1       220-1.91900E+00-6.60426E+00 4.00000E+01
 -1       221-1.48930E+01 3.64708E-03 4.00000E+01
 -1       222-1.48930E+01 3.64708E-03 4.00000E+01
 -1       223-1.49722E+01-1.22644E-01 4.00000E+01
 -1       224-1.49722E+01-1.22644E-01 4.00000E+01
 -1       225-4.28725E+00-5.81900E+00 4.00000E+01
 -1       226-4.28725E+00-5.81900E+00 4.00000E+01
 -1       227-8.33648E+00-1.11055E+01 4.00000E+01
 -1       228-8.33648E+00-1.11055E+01 4.00000E+01
 -1       229-9.50284E+00-1.15131E+01 4.00000E+01
 -1       230-9.50284E+00-1.15131E+01 4.00000E+01
 -1       231-1.35159E+01-6.50534E+00 4.00000E+01
 -1       232-1.35159E+01-6.50534E+00 4.00000E+01
 -1       233-3.27277E+00-1.46378E+01 4.00000E+01
 -1       234-3.27277E+00-1.46378E+01 4.00000E+01
 -1       235-8.94222E+00-1.19397E+01 4.00000E+01
 -1       236-8.94222E+00-1.19397E+01 4.00000E+01
 -1       237 1.50000E+01 0.00000E+00 4.00000E+01
 -1       238 1.50000E+01 0.00000E+00 4.00000E+01
 -1       239-9.28599E+00-1.17800E+01 4.00000E+01
 -1       240-9.28599E+00-1.17800E+01 4.00000E+01
 -1       241 9.28441E+00 1.17600E+01 4.00000E+01
 -1       242 9.28441E+00 1.17600E+01 4.00000E+01
 -1       243 9.23802E+00 1.18177E+01 4.00000E+01
 -1       244 9.23802E+00 1.18177E+01 4.00000E+01
 -1       245-3.13604E+00 7.49313E+00 4.00000E+01
 -1       246-3.13604E+00 7.49313E+00 4.00000E+01
 -1       247-4.22846E+00 1.42935E+01 4.00000E+01
 -1       248-4.22846E+00 1.42935E+01 4.00000E+01
 -1       249-9.73486E+00 1.14118E+01 4.00000E+01
 -1       250-9.73486E+00 1.14118E+01 4.00000E+01
 -1       251-6.82296E+00 5.87594E+00 4.00000E+01
 -1       252-6.82296E+00 5.87594E+00 4.00000E+01
 -1       253-1.49576E+01 1.96013E-01 4.00000E+01
 -1       254-1.49576E+01 1.96013E-01 4.00000E+01
 -1       255-1.18066E+01 8.65145E+00 4.00000E+01
 -1       256-1.18066E+01 8.65145E+00 4.00000E+01
 -1       257 2.97421E+00 1.47021E+01 4.00000E+01
 -1       258 2.97421E+00 1.47021E+01 4.00000E+01
 -1       259-1.50000E+01-1.80000E-15 4.00000E+01
 -1       260-1.50000E+01-1.80000E-15 4.00000E+01
 -1       261 9.17159E+00 1.18485E+01 4.00000E+01
 -1       262 9.17159E+00 1.18485E+01 4.00000E+01
 -1       263 1.49524E+01-2.16924E-01 4.00000E+01
 -1       264 1.49524E+01-2.16924E-01 4.00000E+01
 -1       265-1.36604E+01 6.19629E+00 4.00000E+01
 -1       266-1.36604E+01 6.19629E+00 4.00000E+01
 -3
    3C                           592                                     1
 -1         1    3    0    0
 -2        91        84       171       169
 -1         2    3    0    0
 -2        51       164        50       160
 -1         3    3    0    0
 -2         2        10       147         9
 -1         4    3    0    0
 -2        87        91       169        84
 -1         5    3    0    0
 -2       151       153       161       152
 -1         6    3    0    0
 -2       147        10        45         9
 -1         7    3    0    0
 -2       166        70       175       174
 -1         8    3    0    0
 -2       103       164        16        17
 -1         9    3    0    0
 -2       147        10        38       105
 -1        10    3    0    0
 -2       147        10         2        38
 -1        11    3    0    0
 -2       162        69        68       161
 -1        12    3    0    0
 -2        70       166       181        60
 -1        13    3    0    0
 -2        69       162        68        86
 -1        14    3    0    0
 -2       129       164       108       165
 -1        15    3    0    0
 -2       148       161       149       153
 -1        16    3    0    0
 -2        89        88       166       187
 -1        17    3    0    0
 -2        50        21       159       158
 -1        18    3    0    0
 -2        72       165        90        78
 -1        19    3    0    0
 -2       123       138       191       165
 -1        20    3    0    0
 -2        49        50       158        20
 -1        21    3    0    0
 -2       145       137       197       167
 -1        22    3    0    0
 -2       154       160       164        52
 -1        23    3    0    0
 -2       148       147       161       153
 -1        24    3    0    0
 -2       158        19        49        20
 -1        25    3    0    0
 -2       147       148       161        97
 -1        26    3    0    0
 -2       115       126       161       128
 -1        27    3    0    0
 -2        57         7         6       151
 -1        28    3    0    0
 -2       101       123       165       102
 -1        29    3    0    0
 -2       113        31       161        30
 -1        30    3    0    0
 -2       163       126       128       161
 -1        31    3    0    0
 -2       146       120       163       128
 -1        32    3    0    0
 -2       168       118       119        95
 -1        33    3    0    0
 -2        73        53        63       164
 -1        34    3    0    0
 -2       138       143       193       165
 -1        35    3    0    0
 -2       161       148       149       115
 -1        36    3    0    0
 -2        85       164        82       165
 -1        37    3    0    0
 -2       133       132       111       167
 -1        38    3    0    0
 -2       149        42       114        41
 -1        39    3    0    0
 -2       102       124       123       165
 -1        40    3    0    0
 -2       148       115       161       128
 -1        41    3    0    0
 -2        92       116       155       125
 -1        42    3    0    0
 -2       161       115       149       106
 -1        43    3    0    0
 -2       114        32       150       161
 -1        44    3    0    0
 -2       118       119       135       164
 -1        45    3    0    0
 -2       145       167       133       163
 -1        46    3    0    0
 -2       161        43        32       150
 -1        47    3    0    0
 -2       162        68        74       161
 -1        48    3    0    0
 -2       166       167       205       207
 -1        49    3    0    0
 -2        34        33       155        92
 -1        50    3    0    0
 -2        58       161       147       152
 -1        51    3    0    0
 -2       145       132       133       167
 -1        52    3    0    0
 -2       123       165       191       101
 -1        53    3    0    0
 -2        80        55       166       162
 -1        54    3    0    0
 -2       168       119       118       164
 -1        55    3    0    0
 -2       161       151        57        43
 -1        56    3    0    0
 -2       155        93        34        92
 -1        57    3    0    0
 -2       127       106       126       161
 -1        58    3    0    0
 -2         5       151       150        43
 -1        59    3    0    0
 -2       161        43        57        74
 -1        60    3    0    0
 -2       154        52       164        18
 -1        61    3    0    0
 -2       145       136       167       163
 -1        62    3    0    0
 -2       115       106       161       126
 -1        63    3    0    0
 -2        51        52       159        22
 -1        64    3    0    0
 -2       123       101       191       122
 -1        65    3    0    0
 -2       145       141       136       163
 -1        66    3    0    0
 -2        11       161       162        98
 -1        67    3    0    0
 -2       167       100       212       209
 -1        68    3    0    0
 -2       165        91        78       206
 -1        69    3    0    0
 -2        69        59        45       161
 -1        70    3    0    0
 -2        26        64        27       165
 -1        71    3    0    0
 -2        16       164       103       165
 -1        72    3    0    0
 -2       127       163       126       141
 -1        73    3    0    0
 -2       165       101        14       195
 -1        74    3    0    0
 -2       160       164        49       157
 -1        75    3    0    0
 -2       102       165        15        16
 -1        76    3    0    0
 -2       160       157        49       158
 -1        77    3    0    0
 -2        28       166       221       223
 -1        78    3    0    0
 -2       156       160       157       164
 -1        79    3    0    0
 -2       130       165       131       143
 -1        80    3    0    0
 -2         5        43         6       151
 -1        81    3    0    0
 -2       150       151       161        43
 -1        82    3    0    0
 -2        43       161        32        56
 -1        83    3    0    0
 -2        23       154         3        18
 -1        84    3    0    0
 -2        73        75        72       164
 -1        85    3    0    0
 -2       165        47        14        15
 -1        86    3    0    0
 -2        94       156       164       155
 -1        87    3    0    0
 -2       162        99        98       163
 -1        88    3    0    0
 -2       150        32       114        42
 -1        89    3    0    0
 -2       166        88        70       174
 -1        90    3    0    0
 -2       166        65       227       225
 -1        91    3    0    0
 -2        38       148       147       105
 -1        92    3    0    0
 -2        89       166       235       233
 -1        93    3    0    0
 -2       168        94       118        95
 -1        94    3    0    0
 -2       166       162        13        60
 -1        95    3    0    0
 -2       150        32        42         1
 -1        96    3    0    0
 -2       125       164       103       104
 -1        97    3    0    0
 -2        13       167       166       237
 -1        98    3    0    0
 -2        91        78       171        77
 -1        99    3    0    0
 -2        82       165        61        67
 -1       100    3    0    0
 -2       129       142       135       164
 -1       101    3    0    0
 -2        46       162        79        60
 -1       102    3    0    0
 -2        13       167       237       100
 -1       103    3    0    0
 -2        25        53        26       164
 -1       104    3    0    0
 -2        46        81        79       162
 -1       105    3    0    0
 -2       107       108       129       164
 -1       106    3    0    0
 -2       164        24        49       157
 -1       107    3    0    0
 -2       107       164       129       119
 -1       108    3    0    0
 -2       164        18        17       104
 -1       109    3    0    0
 -2        25       108       107       164
 -1       110    3    0    0
 -2       108       130       129       165
 -1       111    3    0    0
 -2        11        98       162        12
 -1       112    3    0    0
 -2        72        53        73       164
 -1       113    3    0    0
 -2        80       166        65       239
 -1       114    3    0    0
 -2        78        54       219        77
 -1       115    3    0    0
 -2         6        43        57       151
 -1       116    3    0    0
 -2        56        31       161        32
 -1       117    3    0    0
 -2        59        81        46       162
 -1       118    3    0    0
 -2        56        43       161        74
 -1       119    3    0    0
 -2        82       164        48       165
 -1       120    3    0    0
 -2        89       166        80       235
 -1       121    3    0    0
 -2        83        86       162        88
 -1       122    3    0    0
 -2       161       151       150       153
 -1       123    3    0    0
 -2       100       167       241       121
 -1       124    3    0    0
 -2       162        59        69       161
 -1       125    3    0    0
 -2       165       143       195       131
 -1       126    3    0    0
 -2       165        64        27        54
 -1       127    3    0    0
 -2       108       109       130       165
 -1       128    3    0    0
 -2        82       165        67        87
 -1       129    3    0    0
 -2       168       118        94       164
 -1       130    3    0    0
 -2       114       106       127       161
 -1       131    3    0    0
 -2       146       120       136       163
 -1       132    3    0    0
 -2       145       137       167       136
 -1       133    3    0    0
 -2        24        63        25       164
 -1       134    3    0    0
 -2        24       164        49        63
 -1       135    3    0    0
 -2       164       155        93        94
 -1       136    3    0    0
 -2         8       152        58         9
 -1       137    3    0    0
 -2       128       120       163        98
 -1       138    3    0    0
 -2       162       161        74        66
 -1       139    3    0    0
 -2        30        66       161       162
 -1       140    3    0    0
 -2       108       164        26       165
 -1       141    3    0    0
 -2        68       161        57        74
 -1       142    3    0    0
 -2       165        15       101       102
 -1       143    3    0    0
 -2       154       116       164       155
 -1       144    3    0    0
 -2       168       156        94        95
 -1       145    3    0    0
 -2        76       164        82        85
 -1       146    3    0    0
 -2        29       162       166        55
 -1       147    3    0    0
 -2       161       150       149       153
 -1       148    3    0    0
 -2       132       145       247       167
 -1       149    3    0    0
 -2       168        94       156       164
 -1       150    3    0    0
 -2        78        91       165        90
 -1       151    3    0    0
 -2       167       132       246       201
 -1       152    3    0    0
 -2        26       109       108       165
 -1       153    3    0    0
 -2       124       139       123       165
 -1       154    3    0    0
 -2       166        89       174       172
 -1       155    3    0    0
 -2       167        28       196       251
 -1       156    3    0    0
 -2       124       164       103       125
 -1       157    3    0    0
 -2        29        55       166        65
 -1       158    3    0    0
 -2         8       152         7        44
 -1       159    3    0    0
 -2       117       164       135       140
 -1       160    3    0    0
 -2       123       122       191       138
 -1       161    3    0    0
 -2        45       161        59        11
 -1       162    3    0    0
 -2       133       141       145       163
 -1       163    3    0    0
 -2       168        24       157        96
 -1       164    3    0    0
 -2       167       100       214       212
 -1       165    3    0    0
 -2       161        66        56        74
 -1       166    3    0    0
 -2        30       162        29        55
 -1       167    3    0    0
 -2       140       164       142       165
 -1       168    3    0    0
 -2       167       166       196        28
 -1       169    3    0    0
 -2       132       167       249       255
 -1       170    3    0    0
 -2       167       137       201       194
 -1       171    3    0    0
 -2       130       142       129       165
 -1       172    3    0    0
 -2       131       110       245       165
 -1       173    3    0    0
 -2       152       161       147       153
 -1       174    3    0    0
 -2       168       157        24       164
 -1       175    3    0    0
 -2       159        21        51        22
 -1       176    3    0    0
 -2       126       163       128       146
 -1       177    3    0    0
 -2       163       113       127       161
 -1       178    3    0    0
 -2       140       142       139       165
 -1       179    3    0    0
 -2        30       162       161       163
 -1       180    3    0    0
 -2        92        33       155       116
 -1       181    3    0    0
 -2        25       107        24       164
 -1       182    3    0    0
 -2        97       147       148       105
 -1       183    3    0    0
 -2        24        19       157         4
 -1       184    3    0    0
 -2        90       165        85        87
 -1       185    3    0    0
 -2       165        47        67       206
 -1       186    3    0    0
 -2        85       165        82        87
 -1       187    3    0    0
 -2       131       143       245       144
 -1       188    3    0    0
 -2       155       160       156       164
 -1       189    3    0    0
 -2       154       155       164       160
 -1       190    3    0    0
 -2        48       164        16       165
 -1       191    3    0    0
 -2       144       143       202       138
 -1       192    3    0    0
 -2        18       164        17        62
 -1       193    3    0    0
 -2       162        66        74        71
 -1       194    3    0    0
 -2       165        47       206        14
 -1       195    3    0    0
 -2         5        32       150         1
 -1       196    3    0    0
 -2       167       121       136       137
 -1       197    3    0    0
 -2        36        95       156        37
 -1       198    3    0    0
 -2       134       163       112       113
 -1       199    3    0    0
 -2       168       107        24        96
 -1       200    3    0    0
 -2       116       154       164        18
 -1       201    3    0    0
 -2       164        51        50        75
 -1       202    3    0    0
 -2       164       155       116       125
 -1       203    3    0    0
 -2         3        33       116       154
 -1       204    3    0    0
 -2       162        66        71        55
 -1       205    3    0    0
 -2       157        19        24        49
 -1       206    3    0    0
 -2        92       125       155        93
 -1       207    3    0    0
 -2       150       161       149       114
 -1       208    3    0    0
 -2        47        61       165        67
 -1       209    3    0    0
 -2       142       164       129       165
 -1       210    3    0    0
 -2       168        24       107       164
 -1       211    3    0    0
 -2       125       164       117       140
 -1       212    3    0    0
 -2        38        39       148       105
 -1       213    3    0    0
 -2        58       152       147         9
 -1       214    3    0    0
 -2       158        20        50        21
 -1       215    3    0    0
 -2        70       166       177       181
 -1       216    3    0    0
 -2        57        44         7       151
 -1       217    3    0    0
 -2        58       152         8        44
 -1       218    3    0    0
 -2        81        86        79       162
 -1       219    3    0    0
 -2       149       106       114       161
 -1       220    3    0    0
 -2       156        95        36        94
 -1       221    3    0    0
 -2       166        83        80       162
 -1       222    3    0    0
 -2        35        93       155        94
 -1       223    3    0    0
 -2       161        11        97        98
 -1       224    3    0    0
 -2       155       156        35        94
 -1       225    3    0    0
 -2       161        44       151       152
 -1       226    3    0    0
 -2       166        55        80        65
 -1       227    3    0    0
 -2        10       161        11        97
 -1       228    3    0    0
 -2        79        88       166       162
 -1       229    3    0    0
 -2       151        44         7       152
 -1       230    3    0    0
 -2       162        71        68        83
 -1       231    3    0    0
 -2        80        83        71       162
 -1       232    3    0    0
 -2        45       161        58        69
 -1       233    3    0    0
 -2        27       165        54       259
 -1       234    3    0    0
 -2        23       154        18        52
 -1       235    3    0    0
 -2        63        53        25       164
 -1       236    3    0    0
 -2        78        54       165       219
 -1       237    3    0    0
 -2        26       165        27       109
 -1       238    3    0    0
 -2       161        10        11        45
 -1       239    3    0    0
 -2        61        47       165        15
 -1       240    3    0    0
 -2       165        91       206        87
 -1       241    3    0    0
 -2        53        64        26       165
 -1       242    3    0    0
 -2       165        67        87       206
 -1       243    3    0    0
 -2       147        97       161        10
 -1       244    3    0    0
 -2       150        32         5        43
 -1       245    3    0    0
 -2       162       163        98       161
 -1       246    3    0    0
 -2       104       164       103        17
 -1       247    3    0    0
 -2        97       105       148       128
 -1       248    3    0    0
 -2       167       121       100        99
 -1       249    3    0    0
 -2       167       137       214       121
 -1       250    3    0    0
 -2        11        12       162        59
 -1       251    3    0    0
 -2       162       167        99       163
 -1       252    3    0    0
 -2       164        94        93       117
 -1       253    3    0    0
 -2       128       163       161        98
 -1       254    3    0    0
 -2        13       167       100        99
 -1       255    3    0    0
 -2        27       110       165       259
 -1       256    3    0    0
 -2       117       118       135       164
 -1       257    3    0    0
 -2       162        86        79        88
 -1       258    3    0    0
 -2       168       119       107        96
 -1       259    3    0    0
 -2       166        88        83       162
 -1       260    3    0    0
 -2       168       107       119       164
 -1       261    3    0    0
 -2       124       164       125       140
 -1       262    3    0    0
 -2       137       167       261       257
 -1       263    3    0    0
 -2       115       128       148       105
 -1       264    3    0    0
 -2        57       161        68        44
 -1       265    3    0    0
 -2       103       164       124       165
 -1       266    3    0    0
 -2        79        60       166        70
 -1       267    3    0    0
 -2       147        10       161        45
 -1       268    3    0    0
 -2        79       162       166        60
 -1       269    3    0    0
 -2       130       165       109       131
 -1       270    3    0    0
 -2       114       127       113       161
 -1       271    3    0    0
 -2       164       117        93       125
 -1       272    3    0    0
 -2        68       161        69        44
 -1       273    3    0    0
 -2        58        44       161       152
 -1       274    3    0    0
 -2        13       162        46        60
 -1       275    3    0    0
 -2        24         4       157        96
 -1       276    3    0    0
 -2       161        31        56        66
 -1       277    3    0    0
 -2        69       161        58        44
 -1       278    3    0    0
 -2        89        83       166        88
 -1       279    3    0    0
 -2       136       141       146       163
 -1       280    3    0    0
 -2       126       163       146       141
 -1       281    3    0    0
 -2        11        59       162       161
 -1       282    3    0    0
 -2       162        71        74        68
 -1       283    3    0    0
 -2       164       125       116       104
 -1       284    3    0    0
 -2       167       166       162        13
 -1       285    3    0    0
 -2       133       163       112       134
 -1       286    3    0    0
 -2       116        33       155       154
 -1       287    3    0    0
 -2       168        37        95        96
 -1       288    3    0    0
 -2       102        16       103       165
 -1       289    3    0    0
 -2        48        76        62       164
 -1       290    3    0    0
 -2       102       103       124       165
 -1       291    3    0    0
 -2        53       164        72       165
 -1       292    3    0    0
 -2       160       154       159        52
 -1       293    3    0    0
 -2       124       140       139       165
 -1       294    3    0    0
 -2       168        95        37       156
 -1       295    3    0    0
 -2       160       158        49        50
 -1       296    3    0    0
 -2        49        63       164        73
 -1       297    3    0    0
 -2        94       117       164       118
 -1       298    3    0    0
 -2        18        52       164        62
 -1       299    3    0    0
 -2       165        14       101        15
 -1       300    3    0    0
 -2       168       157        37        96
 -1       301    3    0    0
 -2        16       165        15        61
 -1       302    3    0    0
 -2       168        37       157       156
 -1       303    3    0    0
 -2       164       125        93       155
 -1       304    3    0    0
 -2       164       104       116        18
 -1       305    3    0    0
 -2       160        50        49       164
 -1       306    3    0    0
 -2       168       157       164       156
 -1       307    3    0    0
 -2        67        87       176        84
 -1       308    3    0    0
 -2       163        99        98       120
 -1       309    3    0    0
 -2       165       139       123       138
 -1       310    3    0    0
 -2       136       121       167       163
 -1       311    3    0    0
 -2        30        66       162        55
 -1       312    3    0    0
 -2        78        64       165        54
 -1       313    3    0    0
 -2        28        29       166        65
 -1       314    3    0    0
 -2        72       165        78        64
 -1       315    3    0    0
 -2        52       160       164        51
 -1       316    3    0    0
 -2        58         9       147        45
 -1       317    3    0    0
 -2       166        28        65       225
 -1       318    3    0    0
 -2        80       162        71        55
 -1       319    3    0    0
 -2        26       108        25       164
 -1       320    3    0    0
 -2       168        96        95       119
 -1       321    3    0    0
 -2       166        60        13       207
 -1       322    3    0    0
 -2       166        60       207       183
 -1       323    3    0    0
 -2         4        37       157        96
 -1       324    3    0    0
 -2        48       164        82        76
 -1       325    3    0    0
 -2       166        83        89        80
 -1       326    3    0    0
 -2        85       164        75        76
 -1       327    3    0    0
 -2        48        62        17       164
 -1       328    3    0    0
 -2         3       154       116        18
 -1       329    3    0    0
 -2       167       132       111       251
 -1       330    3    0    0
 -2       165       110        27       109
 -1       331    3    0    0
 -2        72        64        53       165
 -1       332    3    0    0
 -2        90        91       165        87
 -1       333    3    0    0
 -2       161        31       114        32
 -1       334    3    0    0
 -2       111        29       167        28
 -1       335    3    0    0
 -2       167        29       166        28
 -1       336    3    0    0
 -2       159        52        23        22
 -1       337    3    0    0
 -2       162        86        69        81
 -1       338    3    0    0
 -2       142       165       130       143
 -1       339    3    0    0
 -2       159        51       160        52
 -1       340    3    0    0
 -2       124       164       140       165
 -1       341    3    0    0
 -2       162        12        98        99
 -1       342    3    0    0
 -2        26       164        53       165
 -1       343    3    0    0
 -2       163        99       120       121
 -1       344    3    0    0
 -2       163       120       136       121
 -1       345    3    0    0
 -2        52        51       164        76
 -1       346    3    0    0
 -2       148       149       115        40
 -1       347    3    0    0
 -2       115        39       148        40
 -1       348    3    0    0
 -2        16        61        48       165
 -1       349    3    0    0
 -2       114       106       149        41
 -1       350    3    0    0
 -2        79        70       166        88
 -1       351    3    0    0
 -2        52        76       164        62
 -1       352    3    0    0
 -2       129       164       135       119
 -1       353    3    0    0
 -2       127       141       134       163
 -1       354    3    0    0
 -2       149       106        40        41
 -1       355    3    0    0
 -2       139       165       142       143
 -1       356    3    0    0
 -2        72        75        85       164
 -1       357    3    0    0
 -2        72        85        90       165
 -1       358    3    0    0
 -2       133       163       134       141
 -1       359    3    0    0
 -2       161        44        57       151
 -1       360    3    0    0
 -2        12        59        46       162
 -1       361    3    0    0
 -2        50       158       159       160
 -1       362    3    0    0
 -2        50       160       159        51
 -1       363    3    0    0
 -2       113       163       127       134
 -1       364    3    0    0
 -2        50        51       159        21
 -1       365    3    0    0
 -2       167        29       162       166
 -1       366    3    0    0
 -2       148       128       161        97
 -1       367    3    0    0
 -2       126       163       127       161
 -1       368    3    0    0
 -2        58        45       147       161
 -1       369    3    0    0
 -2        34        93       155        35
 -1       370    3    0    0
 -2       161        97       128        98
 -1       371    3    0    0
 -2        35        94       156        36
 -1       372    3    0    0
 -2       138       143       165       139
 -1       373    3    0    0
 -2       163       121       167        99
 -1       374    3    0    0
 -2        48        61        82       165
 -1       375    3    0    0
 -2       167       111        28       251
 -1       376    3    0    0
 -2       162        83        68        86
 -1       377    3    0    0
 -2        72       164        85       165
 -1       378    3    0    0
 -2        13        12       162        99
 -1       379    3    0    0
 -2       148        39       115       105
 -1       380    3    0    0
 -2        12        13       162        46
 -1       381    3    0    0
 -2       162        81        69        59
 -1       382    3    0    0
 -2       158        19       157        49
 -1       383    3    0    0
 -2        75       164        51        76
 -1       384    3    0    0
 -2       105        97       147        10
 -1       385    3    0    0
 -2       159       154        23        52
 -1       386    3    0    0
 -2        29        30       112       163
 -1       387    3    0    0
 -2        29       162        30       163
 -1       388    3    0    0
 -2       161       163       113        30
 -1       389    3    0    0
 -2        49       164        50        73
 -1       390    3    0    0
 -2       113       163       112        30
 -1       391    3    0    0
 -2       167       162        99        13
 -1       392    3    0    0
 -2       135       142       140       164
 -1       393    3    0    0
 -2       112       163       111        29
 -1       394    3    0    0
 -2       167       163       162        29
 -1       395    3    0    0
 -2        50        75        73       164
 -1       396    3    0    0
 -2       133       167       111       163
 -1       397    3    0    0
 -2       111       112       133       163
 -1       398    3    0    0
 -2       165       110       109       131
 -1       399    3    0    0
 -2       111       163       167        29
 -1       400    3    0    0
 -2        30        31       161        66
 -1       401    3    0    0
 -2        16       164        48        17
 -1       402    3    0    0
 -2       149       106       115        40
 -1       403    3    0    0
 -2       114        42       149       150
 -1       404    3    0    0
 -2       113        31       114       161
 -1       405    3    0    0
 -2        84       169       173       171
 -1       406    3    0    0
 -2       166       170       172       174
 -1       407    3    0    0
 -2        70       175       174       179
 -1       408    3    0    0
 -2        70       175       179       177
 -1       409    3    0    0
 -2        67        84       176       178
 -1       410    3    0    0
 -2        84       176       178       180
 -1       411    3    0    0
 -2        84       176       180       173
 -1       412    3    0    0
 -2       166        60       183       181
 -1       413    3    0    0
 -2        60       181       185       183
 -1       414    3    0    0
 -2        47       182       184       186
 -1       415    3    0    0
 -2        88       166       187       189
 -1       416    3    0    0
 -2       166       187       189       174
 -1       417    3    0    0
 -2        84       188       173       190
 -1       418    3    0    0
 -2       138       165       193       191
 -1       419    3    0    0
 -2       165       191       195       193
 -1       420    3    0    0
 -2       167       192       194       196
 -1       421    3    0    0
 -2       137       167       199       197
 -1       422    3    0    0
 -2       167       197       201       199
 -1       423    3    0    0
 -2       144       198       200       202
 -1       424    3    0    0
 -2       143       165       203       193
 -1       425    3    0    0
 -2       165       193       195       203
 -1       426    3    0    0
 -2       167       194       204       196
 -1       427    3    0    0
 -2       167       205       207       209
 -1       428    3    0    0
 -2       167       205       209       196
 -1       429    3    0    0
 -2       165        14       206       195
 -1       430    3    0    0
 -2        14       206       195       210
 -1       431    3    0    0
 -2        14       206       210       208
 -1       432    3    0    0
 -2       165       101       195       191
 -1       433    3    0    0
 -2       101       191       211       195
 -1       434    3    0    0
 -2       167       192       196       212
 -1       435    3    0    0
 -2       101       122       211       191
 -1       436    3    0    0
 -2       122       191       213       211
 -1       437    3    0    0
 -2       167       192       212       214
 -1       438    3    0    0
 -2       100       212       209       217
 -1       439    3    0    0
 -2       100       212       217       215
 -1       440    3    0    0
 -2       101        14       211       216
 -1       441    3    0    0
 -2        14       211       216       218
 -1       442    3    0    0
 -2        14       211       218       210
 -1       443    3    0    0
 -2        91        78       206       171
 -1       444    3    0    0
 -2        78       206       171       219
 -1       445    3    0    0
 -2       166       205       220       172
 -1       446    3    0    0
 -2       101        14       195       211
 -1       447    3    0    0
 -2        14       195       211       210
 -1       448    3    0    0
 -2       167       196       209       212
 -1       449    3    0    0
 -2       166       221       223       225
 -1       450    3    0    0
 -2       166       221       225       205
 -1       451    3    0    0
 -2       165        54       222       206
 -1       452    3    0    0
 -2        54       222       206       226
 -1       453    3    0    0
 -2        54       222       226       224
 -1       454    3    0    0
 -2        88        70       174       189
 -1       455    3    0    0
 -2        70       174       189       179
 -1       456    3    0    0
 -2        84       173       180       190
 -1       457    3    0    0
 -2        65       227       225       231
 -1       458    3    0    0
 -2        65       227       231       229
 -1       459    3    0    0
 -2        77        54       228       230
 -1       460    3    0    0
 -2        54       228       230       232
 -1       461    3    0    0
 -2        54       228       232       226
 -1       462    3    0    0
 -2       166       233       227       235
 -1       463    3    0    0
 -2       166       233       172       227
 -1       464    3    0    0
 -2        91        77       171       234
 -1       465    3    0    0
 -2        77       234       228       171
 -1       466    3    0    0
 -2        77       234       236       228
 -1       467    3    0    0
 -2       167       166       237       209
 -1       468    3    0    0
 -2       166       237       209       207
 -1       469    3    0    0
 -2        14       238       208       210
 -1       470    3    0    0
 -2        78        77       219       171
 -1       471    3    0    0
 -2        77       171       228       219
 -1       472    3    0    0
 -2       166       172       220       227
 -1       473    3    0    0
 -2       167       100       209       237
 -1       474    3    0    0
 -2       100       237       217       209
 -1       475    3    0    0
 -2        14       238       210       218
 -1       476    3    0    0
 -2       166        65       239       227
 -1       477    3    0    0
 -2        65       239       227       229
 -1       478    3    0    0
 -2        77       240       230       228
 -1       479    3    0    0
 -2        54        77       226       219
 -1       480    3    0    0
 -2        77       219       228       226
 -1       481    3    0    0
 -2       166       220       225       227
 -1       482    3    0    0
 -2       166        80       235       227
 -1       483    3    0    0
 -2        80       235       227       239
 -1       484    3    0    0
 -2        77       236       240       228
 -1       485    3    0    0
 -2       167       121       214       241
 -1       486    3    0    0
 -2       121       241       243       214
 -1       487    3    0    0
 -2       122       242       213       244
 -1       488    3    0    0
 -2       143       131       203       195
 -1       489    3    0    0
 -2       131       195       245       203
 -1       490    3    0    0
 -2       167       196       204       246
 -1       491    3    0    0
 -2       145       167       197       247
 -1       492    3    0    0
 -2       167       247       201       197
 -1       493    3    0    0
 -2       144       248       198       202
 -1       494    3    0    0
 -2       132       246       201       247
 -1       495    3    0    0
 -2       132       246       247       249
 -1       496    3    0    0
 -2       131       144       245       250
 -1       497    3    0    0
 -2       144       245       250       248
 -1       498    3    0    0
 -2       144       245       248       202
 -1       499    3    0    0
 -2        89       172       187       174
 -1       500    3    0    0
 -2        89       172       233       187
 -1       501    3    0    0
 -2        91        84       234       171
 -1       502    3    0    0
 -2        84       171       188       234
 -1       503    3    0    0
 -2        84       171       173       188
 -1       504    3    0    0
 -2        28       196       251       253
 -1       505    3    0    0
 -2        28       196       253       221
 -1       506    3    0    0
 -2       165       110       195       222
 -1       507    3    0    0
 -2       110       195       222       254
 -1       508    3    0    0
 -2       110       195       254       252
 -1       509    3    0    0
 -2       122       138       213       191
 -1       510    3    0    0
 -2       138       191       193       213
 -1       511    3    0    0
 -2       167       192       214       194
 -1       512    3    0    0
 -2       100       214       212       215
 -1       513    3    0    0
 -2       100       214       215       241
 -1       514    3    0    0
 -2       122       101       213       242
 -1       515    3    0    0
 -2       101       213       242       216
 -1       516    3    0    0
 -2       101       213       216       211
 -1       517    3    0    0
 -2       166        28       205       196
 -1       518    3    0    0
 -2        28       196       221       205
 -1       519    3    0    0
 -2       165       195       206       222
 -1       520    3    0    0
 -2       167       249       255       251
 -1       521    3    0    0
 -2       167       249       251       246
 -1       522    3    0    0
 -2       131       110       250       245
 -1       523    3    0    0
 -2       110       250       245       252
 -1       524    3    0    0
 -2       110       250       252       256
 -1       525    3    0    0
 -2       137       201       194       257
 -1       526    3    0    0
 -2       137       201       257       199
 -1       527    3    0    0
 -2       144       138       202       200
 -1       528    3    0    0
 -2       138       202       200       258
 -1       529    3    0    0
 -2       138       202       258       193
 -1       530    3    0    0
 -2       110       165       252       245
 -1       531    3    0    0
 -2       165       245       195       252
 -1       532    3    0    0
 -2       167       246       251       196
 -1       533    3    0    0
 -2        47        67       206       184
 -1       534    3    0    0
 -2        67       206       184       176
 -1       535    3    0    0
 -2       166       205       175       183
 -1       536    3    0    0
 -2       143       144       203       245
 -1       537    3    0    0
 -2       144       245       202       203
 -1       538    3    0    0
 -2       167       246       204       201
 -1       539    3    0    0
 -2       143       138       203       202
 -1       540    3    0    0
 -2       138       202       193       203
 -1       541    3    0    0
 -2       167       201       204       194
 -1       542    3    0    0
 -2        47        14       184       206
 -1       543    3    0    0
 -2        14       206       208       184
 -1       544    3    0    0
 -2       166       205       183       207
 -1       545    3    0    0
 -2       166       177       181       183
 -1       546    3    0    0
 -2       166       177       183       175
 -1       547    3    0    0
 -2        67        47       178       176
 -1       548    3    0    0
 -2        47       178       176       184
 -1       549    3    0    0
 -2        47       178       184       182
 -1       550    3    0    0
 -2       165        54       259       222
 -1       551    3    0    0
 -2        54       259       222       224
 -1       552    3    0    0
 -2        28       260       223       221
 -1       553    3    0    0
 -2        54       165       219       226
 -1       554    3    0    0
 -2       165       219       226       206
 -1       555    3    0    0
 -2       166       220       205       225
 -1       556    3    0    0
 -2        91        87       171       206
 -1       557    3    0    0
 -2        87       206       169       171
 -1       558    3    0    0
 -2       166       205       172       170
 -1       559    3    0    0
 -2        67        87       206       176
 -1       560    3    0    0
 -2        87       206       176       169
 -1       561    3    0    0
 -2       166       205       170       175
 -1       562    3    0    0
 -2       137       121       261       214
 -1       563    3    0    0
 -2       121       214       243       261
 -1       564    3    0    0
 -2       122       213       262       244
 -1       565    3    0    0
 -2       110       165       259       254
 -1       566    3    0    0
 -2       165       259       254       222
 -1       567    3    0    0
 -2        28       260       221       253
 -1       568    3    0    0
 -2       167       261       257       194
 -1       569    3    0    0
 -2       167       261       194       214
 -1       570    3    0    0
 -2       122       138       262       213
 -1       571    3    0    0
 -2       138       262       213       193
 -1       572    3    0    0
 -2       138       262       193       258
 -1       573    3    0    0
 -2        87        84       169       176
 -1       574    3    0    0
 -2        84       176       173       169
 -1       575    3    0    0
 -2       166       175       170       174
 -1       576    3    0    0
 -2        28        65       225       223
 -1       577    3    0    0
 -2        65       225       223       231
 -1       578    3    0    0
 -2        54       226       232       224
 -1       579    3    0    0
 -2        60        13       207       263
 -1       580    3    0    0
 -2        13       207       263       237
 -1       581    3    0    0
 -2        14       208       238       264
 -1       582    3    0    0
 -2        60       207       183       185
 -1       583    3    0    0
 -2        60       207       185       263
 -1       584    3    0    0
 -2        14        47       208       264
 -1       585    3    0    0
 -2        47       208       264       186
 -1       586    3    0    0
 -2        47       208       186       184
 -1       587    3    0    0
 -2       132       111       251       255
 -1       588    3    0    0
 -2       111       251       255       265
 -1       589    3    0    0
 -2       110       252       266       256
 -1       590    3    0    0
 -2       111        28       251       265
 -1       591    3    0    0
 -2        28       251       265       253
 -1       592    3    0    0
 -2       110       252       254       266
 -3
    1PSTEP                         1           1           1
  100CL  101 1.00000E+00         266                     0    1           1
 -4  DISP        7    1
 -5  D1          1    2    1    0
 -5  D2          1    2    2    0
 -5  D3          1    2    3    0
 -5  D4          1    1    4    0
 -5  D5          1    1    5    0
 -5  D6          1    1    6    0
 -5  ALL         1    2    0    0    1ALL
 -1         1-5.04359E-12-1.50358E-12 1.60969E-09 0.00000E+00 0.00000E+00 0.00000E+00
 -2           1.60970E-09
 -1         2 6.19331E-14-2.05231E-15-1.56193E-08 0.00000E+00 0.00000E+00 0.00000E+00
 -2           1.56193E-08
 -1         3 7.54394E-12 7.92195E-12 6.82318E-13 0.00000E+00 0.00000E+00 0.00000E+00
 -2           1.09606E-11
 -1         4-1.61330E-12-2.39124E-11 2.19463E-13 0.00000E+00 0.00000E+00 0.00000E+00
 -2           2.39677E-11
 -1         5-3.97496E-12 5.63774E-09-7.34054E-09 0.00000E+00 0.00000E+00 0.00000E+00
 -2           9.25569E-09
 -1         6 5.25848E-13 5.10538E-12 4.13663E-09 0.00000E+00 0.00000E+00 0.00000E+00
 -2           4.13663E-09
 -1         7 1.54180E-08 1.40392E-13 4.00154E-12 0.00000E+00 0.00000E+00 0.00000E+00
 -2           1.54180E-08
 -1         8-3.51232E-14 8.36691E-14 1.36836E-11 0.00000E+00 0.00000E+00 0.00000E+00
 -2           1.36839E-11
 -1         9-3.39663E-09 6.09026E-09 2.57192E-09 0.00000E+00 0.00000E+00 0.00000E+00
 -2           7.43258E-09
 -1        10 4.25802E-02 2.99369E-03-9.96133E-02 0.00000E+00 0.00000E+00 0.00000E+00
 -2           1.08374E-01
 -1        11 5.37588E-02 2.82808E-03-1.95783E-01 0.00000E+00 0.00000E+00 0.00000E+00
 -2           2.03049E-01
 -1        12 5.38268E-02 2.08101E-03-2.96095E-01 0.00000E+00 0.00000E+00 0.00000E+00
 -2           3.00955E-01
 -1        13 5.42841E-02 2.79223E-03-3.98111E-01 0.00000E+00 0.00000E+00 0.00000E+00
 -2           4.01805E-01
 -1        14 5.39774E-02 3.19971E-03 4.98689E-01 0.00000E+00 0.00000E+00 0.00000E+00
 -2           5.01612E-01
 -1        15 5.33414E-02 3.70002E-03 3.97052E-01 0.00000E+00 0.00000E+00 0.00000E+00
 -2           4.00636E-01
 -1        16 5.36816E-02 3.30413E-03 2.94493E-01 0.00000E+00 0.00000E+00 0.00000E+00
 -2           2.99364E-01
 -1        17 5.11808E-02 2.35512E-03 1.92824E-01 0.00000E+00 0.00000E+00 0.00000E+00
 -2           1.99515E-01
 -1        18 4.03401E-02-7.95940E-04 9.44793E-02 0.00000E+00 0.00000E+00 0.00000E+00
 -2           1.02734E-01
 -1        19 1.28671E-11-6.42556E-11 8.01431E-12 0.00000E+00 0.00000E+00 0.00000E+00
 -2           6.60195E-11
 -1        20-6.40321E-13 1.32760E-12 2.18172E-11 0.00000E+00 0.00000E+00 0.00000E+00
 -2           2.18670E-11
 -1        21 6.42060E-11 3.67420E-13-1.56911E-11 0.00000E+00 0.00000E+00 0.00000E+00
 -2           6.60965E-11
 -1        22 1.53303E-11-2.20225E-12-1.38691E-11 0.00000E+00 0.00000E+00 0.00000E+00
 -2           2.07899E-11
 -1        23-3.96275E-11-2.08466E-11-1.04282E-11 0.00000E+00 0.00000E+00 0.00000E+00
 -2           4.59746E-11
 -1        24-4.21302E-02-2.28833E-03 9.86327E-02 0.00000E+00 0.00000E+00 0.00000E+00
 -2           1.07278E-01
 -1        25-5.27802E-02 1.73789E-03 1.96558E-01 0.00000E+00 0.00000E+00 0.00000E+00
 -2           2.03528E-01
 -1        26-5.57143E-02 2.95030E-03 2.96362E-01 0.00000E+00 0.00000E+00 0.00000E+00
 -2           3.01568E-01
 -1        27-5.51956E-02 2.98410E-03 3.98657E-01 0.00000E+00 0.00000E+00 0.00000E+00
 -2           4.02471E-01
 -1        28-5.52674E-02 2.67229E-03-4.99248E-01 0.00000E+00 0.00000E+00 0.00000E+00
 -2           5.02305E-01
 -1        29-5.50666E-02 2.62789E-03-3.97805E-01 0.00000E+00 0.00000E+00 0.00000E+00
 -2           4.01607E-01
 -1        30-5.52808E-02 2.58643E-03-2.95201E-01 0.00000E+00 0.00000E+00 0.00000E+00
 -2           3.00343E-01
 -1        31-5.30750E-02 1.43511E-03-1.94660E-01 0.00000E+00 0.00000E+00 0.00000E+00
 -2           2.01771E-01
 -1        32-4.36057E-02 2.09120E-03-9.68326E-02 0.00000E+00 0.00000E+00 0.00000E+00
 -2           1.06219E-01
 -1        33 4.21403E-12-1.68254E-11 1.59235E-11 0.00000E+00 0.00000E+00 0.00000E+00
 -2           2.35459E-11
 -1        34 1.21888E-11-1.44194E-12-1.98980E-11 0.00000E+00 0.00000E+00 0.00000E+00
 -2           2.33790E-11
 -1        35 2.99292E-11 4.01597E-12 1.02472E-12 0.00000E+00 0.00000E+00 0.00000E+00
 -2           3.02148E-11
 -1        36 6.92512E-12 1.20386E-12-4.74367E-12 0.00000E+00 0.00000E+00 0.00000E+00
 -2           8.47991E-12
 -1        37-2.35058E-12-4.33686E-11-1.25179E-11 0.00000E+00 0.00000E+00 0.00000E+00
 -2           4.52002E-11
 -1        38-1.19189E-09 6.41602E-11 6.59672E-09 0.00000E+00 0.00000E+00 0.00000E+00
 -2           6.70383E-09
 -1        39 8.40240E-14-1.33163E-14 5.79828E-09 0.00000E+00 0.00000E+00 0.00000E+00
 -2           5.79828E-09
 -1        40 3.45830E-10 1.52237E-15-2.07731E-09 0.00000E+00 0.00000E+00 0.00000E+00
 -2           2.10590E-09
 -1        41 1.78896E-08 9.66901E-14-2.12512E-09 0.00000E+00 0.00000E+00 0.00000E+00
 -2           1.80154E-08
 -1        42 2.02875E-14 3.34028E-16 5.68793E-09 0.00000E+00 0.00000E+00 0.00000E+00
 -2           5.68793E-09
 -1        43-2.90796E-02-2.29435E-02-7.98719E-02 0.00000E+00 0.00000E+00 0.00000E+00
 -2           8.80429E-02
 -1        44 7.94868E-03-3.95331E-02-9.11737E-02 0.00000E+00 0.00000E+00 0.00000E+00
 -2           9.96930E-02
 -1        45 4.40977E-02-1.55080E-02-1.35409E-01 0.00000E+00 0.00000E+00 0.00000E+00
 -2           1.43251E-01
 -1        46 4.95295E-02-1.88787E-02-3.40863E-01 0.00000E+00 0.00000E+00 0.00000E+00
 -2           3.44959E-01
 -1        47 4.86763E-02-1.99898E-02 4.56950E-01 0.00000E+00 0.00000E+00 0.00000E+00
 -2           4.59970E-01
 -1        48 4.74766E-02-2.21887E-02 2.49945E-01 0.00000E+00 0.00000E+00 0.00000E+00
 -2           2.55380E-01
 -1        49-2.66332E-02-2.48218E-02 7.40288E-02 0.00000E+00 0.00000E+00 0.00000E+00
 -2           8.24967E-02
 -1        50-1.08419E-02-3.81891E-02 7.83775E-02 0.00000E+00 0.00000E+00 0.00000E+00
 -2           8.78577E-02
 -1        51 9.35348E-03-3.90873E-02 8.41057E-02 0.00000E+00 0.00000E+00 0.00000E+00
 -2           9.32152E-02
 -1        52 2.65702E-02-2.53784E-02 7.79554E-02 0.00000E+00 0.00000E+00 0.00000E+00
 -2           8.61806E-02
 -1        53-4.93290E-02-2.16492E-02 2.40612E-01 0.00000E+00 0.00000E+00 0.00000E+00
 -2           2.46569E-01
 -1        54-5.01737E-02-2.02285E-02 4.47857E-01 0.00000E+00 0.00000E+00 0.00000E+00
 -2           4.51112E-01
 -1        55-4.91138E-02-2.17541E-02-3.45189E-01 0.00000E+00 0.00000E+00 0.00000E+00
 -2           3.49343E-01
 -1        56-4.64871E-02-1.79661E-02-1.56554E-01 0.00000E+00 0.00000E+00 0.00000E+00
 -2           1.64295E-01
 -1        57-1.32413E-02-3.90456E-02-9.39563E-02 0.00000E+00 0.00000E+00 0.00000E+00
 -2           1.02604E-01
 -1        58 2.31749E-02-2.72372E-02-7.94065E-02 0.00000E+00 0.00000E+00 0.00000E+00
 -2           8.70881E-02
 -1        59 4.93110E-02-1.93916E-02-2.39751E-01 0.00000E+00 0.00000E+00 0.00000E+00
 -2           2.45537E-01
 -1        60 4.92702E-02-2.00210E-02-4.41896E-01 0.00000E+00 0.00000E+00 0.00000E+00
 -2           4.45085E-01
 -1        61 4.77422E-02-2.08795E-02 3.52667E-01 0.00000E+00 0.00000E+00 0.00000E+00
 -2           3.56496E-01
 -1        62 4.41926E-02-1.96044E-02 1.58207E-01 0.00000E+00 0.00000E+00 0.00000E+00
 -2           1.65429E-01
 -1        63-4.56281E-02-1.86409E-02 1.53633E-01 0.00000E+00 0.00000E+00 0.00000E+00
 -2           1.61346E-01
 -1        64-4.93422E-02-2.13502E-02 3.41902E-01 0.00000E+00 0.00000E+00 0.00000E+00
 -2           3.46103E-01
 -1        65-4.96740E-02-2.10688E-02-4.49653E-01 0.00000E+00 0.00000E+00 0.00000E+00
 -2           4.52878E-01
 -1        66-4.94262E-02-2.15532E-02-2.44216E-01 0.00000E+00 0.00000E+00 0.00000E+00
 -2           2.50098E-01
 -1        67 3.30867E-02-3.96189E-02 4.13854E-01 0.00000E+00 0.00000E+00 0.00000E+00
 -2           4.17061E-01
 -1        68-5.17326E-03-5.17729E-02-2.11494E-01 0.00000E+00 0.00000E+00 0.00000E+00
 -2           2.17800E-01
 -1        69 2.98984E-02-4.15967E-02-1.90384E-01 0.00000E+00 0.00000E+00 0.00000E+00
 -2           1.97156E-01
 -1        70 3.36120E-02-3.90178E-02-4.80347E-01 0.00000E+00 0.00000E+00 0.00000E+00
 -2           4.83100E-01
 -1        71-3.18128E-02-4.14742E-02-2.86503E-01 0.00000E+00 0.00000E+00 0.00000E+00
 -2           2.91232E-01
 -1        72-2.96261E-02-4.32786E-02 2.74906E-01 0.00000E+00 0.00000E+00 0.00000E+00
 -2           2.79864E-01
 -1        73-3.18752E-02-3.85061E-02 1.67304E-01 0.00000E+00 0.00000E+00 0.00000E+00
 -2           1.74612E-01
 -1        74-3.32954E-02-3.96607E-02-1.77796E-01 0.00000E+00 0.00000E+00 0.00000E+00
 -2           1.85184E-01
 -1        75-5.25761E-03-4.98835E-02 1.76323E-01 0.00000E+00 0.00000E+00 0.00000E+00
 -2           1.83319E-01
 -1        76 2.71465E-02-4.23723E-02 1.88248E-01 0.00000E+00 0.00000E+00 0.00000E+00
 -2           1.94858E-01
 -1        77-3.40694E-02-3.93533E-02 4.96650E-01 0.00000E+00 0.00000E+00 0.00000E+00
 -2           4.99370E-01
 -1        78-3.46255E-02-3.98227E-02 3.90264E-01 0.00000E+00 0.00000E+00 0.00000E+00
 -2           3.93816E-01
 -1        79 3.54571E-02-3.87915E-02-3.79818E-01 0.00000E+00 0.00000E+00 0.00000E+00
 -2           3.83437E-01
 -1        80-3.32488E-02-4.08211E-02-3.97105E-01 0.00000E+00 0.00000E+00 0.00000E+00
 -2           4.00580E-01
 -1        81 3.82324E-02-3.54061E-02-2.89292E-01 0.00000E+00 0.00000E+00 0.00000E+00
 -2           2.93947E-01
 -1        82 3.07559E-02-4.13649E-02 3.06902E-01 0.00000E+00 0.00000E+00 0.00000E+00
 -2           3.11201E-01
 -1        83-9.19401E-03-5.11845E-02-3.43376E-01 0.00000E+00 0.00000E+00 0.00000E+00
 -2           3.47291E-01
 -1        84 1.10929E-02-4.99198E-02 4.81492E-01 0.00000E+00 0.00000E+00 0.00000E+00
 -2           4.84200E-01
 -1        85 4.23264E-03-5.12412E-02 2.74026E-01 0.00000E+00 0.00000E+00 0.00000E+00
 -2           2.78808E-01
 -1        86 1.68849E-02-4.88630E-02-3.03665E-01 0.00000E+00 0.00000E+00 0.00000E+00
 -2           3.08035E-01
 -1        87 9.93727E-03-5.00565E-02 3.76390E-01 0.00000E+00 0.00000E+00 0.00000E+00
 -2           3.79834E-01
 -1        88 1.32967E-02-5.03676E-02-4.13622E-01 0.00000E+00 0.00000E+00 0.00000E+00
 -2           4.16890E-01
 -1        89-1.14711E-02-5.03993E-02-4.55708E-01 0.00000E+00 0.00000E+00 0.00000E+00
 -2           4.58630E-01
 -1        90-1.38272E-02-4.96858E-02 3.49271E-01 0.00000E+00 0.00000E+00 0.00000E+00
 -2           3.53058E-01
 -1        91-1.32456E-02-5.00207E-02 4.42082E-01 0.00000E+00 0.00000E+00 0.00000E+00
 -2           4.45100E-01
 -1        92 2.56746E-02 2.58113E-02 6.44425E-02 0.00000E+00 0.00000E+00 0.00000E+00
 -2           7.40152E-02
 -1        93 1.18779E-02 3.68677E-02 7.53687E-02 0.00000E+00 0.00000E+00 0.00000E+00
 -2           8.47393E-02
 -1        94-6.05009E-03 3.52213E-02 6.47226E-02 0.00000E+00 0.00000E+00 0.00000E+00
 -2           7.39335E-02
 -1        95-2.26576E-02 2.83738E-02 6.93157E-02 0.00000E+00 0.00000E+00 0.00000E+00
 -2           7.82502E-02
 -1        96-3.57855E-02 1.49670E-02 8.28227E-02 0.00000E+00 0.00000E+00 0.00000E+00
 -2           9.14561E-02
 -1        97 4.60294E-02 2.21164E-02-1.56926E-01 0.00000E+00 0.00000E+00 0.00000E+00
 -2           1.65026E-01
 -1        98 4.86943E-02 2.57444E-02-2.46513E-01 0.00000E+00 0.00000E+00 0.00000E+00
 -2           2.52592E-01
 -1        99 4.87283E-02 2.58504E-02-3.47684E-01 0.00000E+00 0.00000E+00 0.00000E+00
 -2           3.52033E-01
 -1       100 4.83926E-02 2.66871E-02-4.49845E-01 0.00000E+00 0.00000E+00 0.00000E+00
 -2           4.53227E-01
 -1       101 4.81512E-02 2.72326E-02 4.47705E-01 0.00000E+00 0.00000E+00 0.00000E+00
 -2           4.51110E-01
 -1       102 4.74036E-02 2.72719E-02 3.44508E-01 0.00000E+00 0.00000E+00 0.00000E+00
 -2           3.48822E-01
 -1       103 4.80052E-02 2.63863E-02 2.41782E-01 0.00000E+00 0.00000E+00 0.00000E+00
 -2           2.47910E-01
 -1       104 4.53459E-02 1.88098E-02 1.54664E-01 0.00000E+00 0.00000E+00 0.00000E+00
 -2           1.62268E-01
 -1       105 3.03761E-02 2.35938E-02-8.34648E-02 0.00000E+00 0.00000E+00 0.00000E+00
 -2           9.19008E-02
 -1       106-1.22265E-02 3.94155E-02-9.57919E-02 0.00000E+00 0.00000E+00 0.00000E+00
 -2           1.04303E-01
 -1       107-4.79487E-02 2.11880E-02 1.74365E-01 0.00000E+00 0.00000E+00 0.00000E+00
 -2           1.82074E-01
 -1       108-5.12140E-02 2.44992E-02 2.69531E-01 0.00000E+00 0.00000E+00 0.00000E+00
 -2           2.75446E-01
 -1       109-5.01088E-02 2.54674E-02 3.67916E-01 0.00000E+00 0.00000E+00 0.00000E+00
 -2           3.72185E-01
 -1       110-5.10885E-02 2.45879E-02 4.69205E-01 0.00000E+00 0.00000E+00 0.00000E+00
 -2           4.72618E-01
 -1       111-4.98717E-02 2.51294E-02-4.31310E-01 0.00000E+00 0.00000E+00 0.00000E+00
 -2           4.34911E-01
 -1       112-4.99138E-02 2.46908E-02-3.31795E-01 0.00000E+00 0.00000E+00 0.00000E+00
 -2           3.36436E-01
 -1       113-4.87491E-02 2.51095E-02-2.29619E-01 0.00000E+00 0.00000E+00 0.00000E+00
 -2           2.36076E-01
 -1       114-3.69069E-02 2.52370E-02-1.10156E-01 0.00000E+00 0.00000E+00 0.00000E+00
 -2           1.18884E-01
 -1       115 1.15210E-02 3.73631E-02-8.74184E-02 0.00000E+00 0.00000E+00 0.00000E+00
 -2           9.57639E-02
 -1       116 3.46126E-02 1.56620E-02 7.34102E-02 0.00000E+00 0.00000E+00 0.00000E+00
 -2           8.26583E-02
 -1       117 2.52668E-03 5.07266E-02 1.50189E-01 0.00000E+00 0.00000E+00 0.00000E+00
 -2           1.58544E-01
 -1       118-1.81882E-02 4.49206E-02 1.30008E-01 0.00000E+00 0.00000E+00 0.00000E+00
 -2           1.38747E-01
 -1       119-3.54240E-02 3.69646E-02 1.53233E-01 0.00000E+00 0.00000E+00 0.00000E+00
 -2           1.61560E-01
 -1       120 3.32933E-02 4.45633E-02-2.95731E-01 0.00000E+00 0.00000E+00 0.00000E+00
 -2           3.00917E-01
 -1       121 3.33321E-02 4.53521E-02-3.98369E-01 0.00000E+00 0.00000E+00 0.00000E+00
 -2           4.02325E-01
 -1       122 3.27295E-02 4.61021E-02 4.98900E-01 0.00000E+00 0.00000E+00 0.00000E+00
 -2           5.02093E-01
 -1       123 3.20310E-02 4.60762E-02 3.96218E-01 0.00000E+00 0.00000E+00 0.00000E+00
 -2           4.00172E-01
 -1       124 3.21134E-02 4.64162E-02 2.90149E-01 0.00000E+00 0.00000E+00 0.00000E+00
 -2           2.95588E-01
 -1       125 3.05107E-02 4.17991E-02 1.62908E-01 0.00000E+00 0.00000E+00 0.00000E+00
 -2           1.70930E-01
 -1       126-5.02890E-04 5.30670E-02-1.79589E-01 0.00000E+00 0.00000E+00 0.00000E+00
 -2           1.87266E-01
 -1       127-2.78624E-02 4.62475E-02-1.91364E-01 0.00000E+00 0.00000E+00 0.00000E+00
 -2           1.98835E-01
 -1       128 3.14123E-02 4.29752E-02-1.84321E-01 0.00000E+00 0.00000E+00 0.00000E+00
 -2           1.91854E-01
 -1       129-3.81753E-02 4.24695E-02 2.41708E-01 0.00000E+00 0.00000E+00 0.00000E+00
 -2           2.48362E-01
 -1       130-3.66449E-02 4.34476E-02 3.36085E-01 0.00000E+00 0.00000E+00 0.00000E+00
 -2           3.40857E-01
 -1       131-3.63643E-02 4.51016E-02 4.32009E-01 0.00000E+00 0.00000E+00 0.00000E+00
 -2           4.35876E-01
 -1       132-3.46055E-02 4.35033E-02-4.60891E-01 0.00000E+00 0.00000E+00 0.00000E+00
 -2           4.64231E-01
 -1       133-3.60547E-02 4.41905E-02-3.63912E-01 0.00000E+00 0.00000E+00 0.00000E+00
 -2           3.68354E-01
 -1       134-3.71002E-02 4.11624E-02-2.76854E-01 0.00000E+00 0.00000E+00 0.00000E+00
 -2           2.82345E-01
 -1       135-1.79967E-02 5.21916E-02 2.08674E-01 0.00000E+00 0.00000E+00 0.00000E+00
 -2           2.15853E-01
 -1       136 1.05259E-02 5.59870E-02-3.48317E-01 0.00000E+00 0.00000E+00 0.00000E+00
 -2           3.52945E-01
 -1       137 1.01313E-02 5.65098E-02-4.49983E-01 0.00000E+00 0.00000E+00 0.00000E+00
 -2           4.53630E-01
 -1       138 9.33951E-03 5.60190E-02 4.50878E-01 0.00000E+00 0.00000E+00 0.00000E+00
 -2           4.54441E-01
 -1       139 8.82061E-03 5.61171E-02 3.48009E-01 0.00000E+00 0.00000E+00 0.00000E+00
 -2           3.52615E-01
 -1       140 8.09180E-03 5.63180E-02 2.44461E-01 0.00000E+00 0.00000E+00 0.00000E+00
 -2           2.50995E-01
 -1       141-1.40752E-02 5.41691E-02-2.86744E-01 0.00000E+00 0.00000E+00 0.00000E+00
 -2           2.92155E-01
 -1       142-1.67921E-02 5.50834E-02 3.00550E-01 0.00000E+00 0.00000E+00 0.00000E+00
 -2           3.06017E-01
 -1       143-1.55982E-02 5.54937E-02 3.97706E-01 0.00000E+00 0.00000E+00 0.00000E+00
 -2           4.01862E-01
 -1       144-1.41670E-02 5.43253E-02 4.97794E-01 0.00000E+00 0.00000E+00 0.00000E+00
 -2           5.00950E-01
 -1       145-1.42431E-02 5.56066E-02-4.00892E-01 0.00000E+00 0.00000E+00 0.00000E+00
 -2           4.04981E-01
 -1       146 1.25320E-02 5.35551E-02-2.57306E-01 0.00000E+00 0.00000E+00 0.00000E+00
 -2           2.63119E-01
 -1       147-1.03478E-09 1.25442E-09 6.76459E-09 0.00000E+00 0.00000E+00 0.00000E+00
 -2           6.95730E-09
 -1       148-1.17729E-09-4.36930E-10-1.53161E-09 0.00000E+00 0.00000E+00 0.00000E+00
 -2           1.98060E-09
 -1       149-6.46080E-09-5.23838E-09-7.37314E-09 0.00000E+00 0.00000E+00 0.00000E+00
 -2           1.11151E-08
 -1       150-1.12218E-09-1.09061E-08-2.30955E-09 0.00000E+00 0.00000E+00 0.00000E+00
 -2           1.12043E-08
 -1       151 7.61716E-09 1.28962E-08 1.33004E-08 0.00000E+00 0.00000E+00 0.00000E+00
 -2           2.00309E-08
 -1       152-3.00801E-09 1.98547E-15-4.98395E-09 0.00000E+00 0.00000E+00 0.00000E+00
 -2           5.82133E-09
 -1       153 0.00000E+00 3.26839E-11 2.81794E-09 0.00000E+00 0.00000E+00 0.00000E+00
 -2           2.81812E-09
 -1       154-7.16998E-11 2.75437E-12-9.04993E-11 0.00000E+00 0.00000E+00 0.00000E+00
 -2           1.15493E-10
 -1       155 6.60018E-12 1.46887E-12 3.86132E-12 0.00000E+00 0.00000E+00 0.00000E+00
 -2           7.78651E-12
 -1       156-1.43301E-10 1.10209E-10 3.31808E-11 0.00000E+00 0.00000E+00 0.00000E+00
 -2           1.83799E-10
 -1       157 3.48747E-11-9.31887E-11-2.80586E-11 0.00000E+00 0.00000E+00 0.00000E+00
 -2           1.03381E-10
 -1       158 3.07619E-11-5.65468E-12 4.27989E-11 0.00000E+00 0.00000E+00 0.00000E+00
 -2           5.30096E-11
 -1       159 6.01955E-12-1.26980E-12 7.45107E-11 0.00000E+00 0.00000E+00 0.00000E+00
 -2           7.47642E-11
 -1       160 7.32305E-11-1.29212E-11-3.26514E-11 0.00000E+00 0.00000E+00 0.00000E+00
 -2           8.12144E-11
 -1       161-1.87398E-03-3.22792E-04-1.34328E-01 0.00000E+00 0.00000E+00 0.00000E+00
 -2           1.34342E-01
 -1       162 7.94064E-03-1.24291E-02-3.08593E-01 0.00000E+00 0.00000E+00 0.00000E+00
 -2           3.08945E-01
 -1       163-6.82510E-03 2.48344E-02-2.98724E-01 0.00000E+00 0.00000E+00 0.00000E+00
 -2           2.99832E-01
 -1       164-1.75746E-03 7.36045E-03 1.58528E-01 0.00000E+00 0.00000E+00 0.00000E+00
 -2           1.58708E-01
 -1       165-2.69175E-03 5.14845E-03 3.58831E-01 0.00000E+00 0.00000E+00 0.00000E+00
 -2           3.58878E-01
 -1       166-2.04862E-03-1.73751E-02-4.76703E-01 0.00000E+00 0.00000E+00 0.00000E+00
 -2           4.77024E-01
 -1       167 3.82557E-04 2.31893E-02-4.67446E-01 0.00000E+00 0.00000E+00 0.00000E+00
 -2           4.68021E-01
 -1       168-1.75951E-02 1.45904E-02 8.22274E-02 0.00000E+00 0.00000E+00 0.00000E+00
 -2           8.53453E-02
 -1       169-1.46010E-04-2.35306E-02 5.03739E-01 0.00000E+00 0.00000E+00 0.00000E+00
 -2           5.04289E-01
 -1       170-1.46011E-04-2.35306E-02-4.96261E-01 0.00000E+00 0.00000E+00 0.00000E+00
 -2           4.96818E-01
 -1       171-4.82468E-03-2.57801E-02 4.99239E-01 0.00000E+00 0.00000E+00 0.00000E+00
 -2           4.99927E-01
 -1       172-4.82468E-03-2.57801E-02-5.00761E-01 0.00000E+00 0.00000E+00 0.00000E+00
 -2           5.01448E-01
 -1       173 5.16730E-03-3.42730E-02 4.99434E-01 0.00000E+00 0.00000E+00 0.00000E+00
 -2           5.00635E-01
 -1       174 5.16730E-03-3.42730E-02-5.00566E-01 0.00000E+00 0.00000E+00 0.00000E+00
 -2           5.01765E-01
 -1       175 5.22485E-03-2.25982E-02-4.97046E-01 0.00000E+00 0.00000E+00 0.00000E+00
 -2           4.97587E-01
 -1       176 5.22485E-03-2.25982E-02 5.02954E-01 0.00000E+00 0.00000E+00 0.00000E+00
 -2           5.03488E-01
 -1       177 3.33650E-02-3.89461E-02-4.98336E-01 0.00000E+00 0.00000E+00 0.00000E+00
 -2           5.00968E-01
 -1       178 3.33650E-02-3.89461E-02 5.01664E-01 0.00000E+00 0.00000E+00 0.00000E+00
 -2           5.04278E-01
 -1       179 2.28388E-02-4.38888E-02-4.98709E-01 0.00000E+00 0.00000E+00 0.00000E+00
 -2           5.01157E-01
 -1       180 2.28388E-02-4.38888E-02 5.01291E-01 0.00000E+00 0.00000E+00 0.00000E+00
 -2           5.03727E-01
 -1       181 3.78713E-02-3.36694E-02-4.98957E-01 0.00000E+00 0.00000E+00 0.00000E+00
 -2           5.01523E-01
 -1       182 3.78713E-02-3.36694E-02 5.01043E-01 0.00000E+00 0.00000E+00 0.00000E+00
 -2           5.03599E-01
 -1       183 1.45237E-02-1.82750E-02-5.01454E-01 0.00000E+00 0.00000E+00 0.00000E+00
 -2           5.01997E-01
 -1       184 1.45237E-02-1.82750E-02 4.98546E-01 0.00000E+00 0.00000E+00 0.00000E+00
 -2           4.99092E-01
 -1       185 4.84721E-02-1.98352E-02-4.98906E-01 0.00000E+00 0.00000E+00 0.00000E+00
 -2           5.01647E-01
 -1       186 4.84721E-02-1.98352E-02 5.01094E-01 0.00000E+00 0.00000E+00 0.00000E+00
 -2           5.03824E-01
 -1       187 4.22117E-03-4.97511E-02-4.95331E-01 0.00000E+00 0.00000E+00 0.00000E+00
 -2           4.97841E-01
 -1       188 4.22117E-03-4.97511E-02 5.04669E-01 0.00000E+00 0.00000E+00 0.00000E+00
 -2           5.07133E-01
 -1       189 1.17592E-02-4.97520E-02-4.98069E-01 0.00000E+00 0.00000E+00 0.00000E+00
 -2           5.00685E-01
 -1       190 1.17592E-02-4.97520E-02 5.01931E-01 0.00000E+00 0.00000E+00 0.00000E+00
 -2           5.04528E-01
 -1       191 8.26450E-03 2.93297E-02 4.98923E-01 0.00000E+00 0.00000E+00 0.00000E+00
 -2           4.99853E-01
 -1       192 8.26450E-03 2.93297E-02-5.01077E-01 0.00000E+00 0.00000E+00 0.00000E+00
 -2           5.02002E-01
 -1       193 4.63373E-03 3.64305E-02 4.96722E-01 0.00000E+00 0.00000E+00 0.00000E+00
 -2           4.98077E-01
 -1       194 4.63373E-03 3.64305E-02-5.03278E-01 0.00000E+00 0.00000E+00 0.00000E+00
 -2           5.04616E-01
 -1       195 1.49400E-04 2.00302E-02 5.00359E-01 0.00000E+00 0.00000E+00 0.00000E+00
 -2           5.00760E-01
 -1       196 1.49400E-04 2.00302E-02-4.99641E-01 0.00000E+00 0.00000E+00 0.00000E+00
 -2           5.00042E-01
 -1       197-1.35583E-02 5.47220E-02-4.96545E-01 0.00000E+00 0.00000E+00 0.00000E+00
 -2           4.99735E-01
 -1       198-1.35583E-02 5.47220E-02 5.03455E-01 0.00000E+00 0.00000E+00 0.00000E+00
 -2           5.06602E-01
 -1       199-1.30262E-02 5.47009E-02-4.95491E-01 0.00000E+00 0.00000E+00 0.00000E+00
 -2           4.98671E-01
 -1       200-1.30262E-02 5.47009E-02 5.04509E-01 0.00000E+00 0.00000E+00 0.00000E+00
 -2           5.07633E-01
 -1       201-1.39347E-02 5.16730E-02-5.02248E-01 0.00000E+00 0.00000E+00 0.00000E+00
 -2           5.05091E-01
 -1       202-1.39347E-02 5.16730E-02 4.97752E-01 0.00000E+00 0.00000E+00 0.00000E+00
 -2           5.00621E-01
 -1       203-2.64247E-03 3.08709E-02 4.97055E-01 0.00000E+00 0.00000E+00 0.00000E+00
 -2           4.98020E-01
 -1       204-2.64247E-03 3.08709E-02-5.02945E-01 0.00000E+00 0.00000E+00 0.00000E+00
 -2           5.03898E-01
 -1       205-2.13910E-03-1.44709E-02-4.99952E-01 0.00000E+00 0.00000E+00 0.00000E+00
 -2           5.00166E-01
 -1       206-2.13910E-03-1.44709E-02 5.00048E-01 0.00000E+00 0.00000E+00 0.00000E+00
 -2           5.00262E-01
 -1       207 4.91682E-02 1.73649E-03-4.99725E-01 0.00000E+00 0.00000E+00 0.00000E+00
 -2           5.02141E-01
 -1       208 4.91682E-02 1.73649E-03 5.00275E-01 0.00000E+00 0.00000E+00 0.00000E+00
 -2           5.02689E-01
 -1       209 5.07802E-02 4.34596E-03-4.98770E-01 0.00000E+00 0.00000E+00 0.00000E+00
 -2           5.01367E-01
 -1       210 5.07802E-02 4.34596E-03 5.01230E-01 0.00000E+00 0.00000E+00 0.00000E+00
 -2           5.03815E-01
 -1       211 1.87402E-02 2.47520E-02 5.00069E-01 0.00000E+00 0.00000E+00 0.00000E+00
 -2           5.01032E-01
 -1       212 1.87402E-02 2.47520E-02-4.99931E-01 0.00000E+00 0.00000E+00 0.00000E+00
 -2           5.00894E-01
 -1       213 3.21231E-02 4.58367E-02 4.99702E-01 0.00000E+00 0.00000E+00 0.00000E+00
 -2           5.02827E-01
 -1       214 3.21231E-02 4.58367E-02-5.00298E-01 0.00000E+00 0.00000E+00 0.00000E+00
 -2           5.03419E-01
 -1       215 4.82665E-02 2.69929E-02-4.99493E-01 0.00000E+00 0.00000E+00 0.00000E+00
 -2           5.02545E-01
 -1       216 4.82665E-02 2.69929E-02 5.00507E-01 0.00000E+00 0.00000E+00 0.00000E+00
 -2           5.03553E-01
 -1       217 5.38115E-02 4.21937E-03-4.99084E-01 0.00000E+00 0.00000E+00 0.00000E+00
 -2           5.01995E-01
 -1       218 5.38115E-02 4.21937E-03 5.00916E-01 0.00000E+00 0.00000E+00 0.00000E+00
 -2           5.03815E-01
 -1       219-8.11468E-03-2.04824E-02 5.01581E-01 0.00000E+00 0.00000E+00 0.00000E+00
 -2           5.02064E-01
 -1       220-8.11468E-03-2.04824E-02-4.98419E-01 0.00000E+00 0.00000E+00 0.00000E+00
 -2           4.98906E-01
 -1       221-5.48855E-02 2.64723E-03-5.00241E-01 0.00000E+00 0.00000E+00 0.00000E+00
 -2           5.03249E-01
 -1       222-5.48855E-02 2.64723E-03 4.99759E-01 0.00000E+00 0.00000E+00 0.00000E+00
 -2           5.02771E-01
 -1       223-5.51441E-02 2.24362E-03-5.00478E-01 0.00000E+00 0.00000E+00 0.00000E+00
 -2           5.03512E-01
 -1       224-5.51441E-02 2.24362E-03 4.99522E-01 0.00000E+00 0.00000E+00 0.00000E+00
 -2           5.02561E-01
 -1       225-1.62156E-02-1.85529E-02-5.01947E-01 0.00000E+00 0.00000E+00 0.00000E+00
 -2           5.02551E-01
 -1       226-1.62156E-02-1.85529E-02 4.98053E-01 0.00000E+00 0.00000E+00 0.00000E+00
 -2           4.98663E-01
 -1       227-3.06694E-02-3.70270E-02-4.99523E-01 0.00000E+00 0.00000E+00 0.00000E+00
 -2           5.01832E-01
 -1       228-3.06694E-02-3.70269E-02 5.00477E-01 0.00000E+00 0.00000E+00 0.00000E+00
 -2           5.02781E-01
 -1       229-3.49458E-02-3.82796E-02-4.99875E-01 0.00000E+00 0.00000E+00 0.00000E+00
 -2           5.02555E-01
 -1       230-3.49458E-02-3.82796E-02 5.00125E-01 0.00000E+00 0.00000E+00 0.00000E+00
 -2           5.02803E-01
 -1       231-4.95144E-02-2.05365E-02-5.00058E-01 0.00000E+00 0.00000E+00 0.00000E+00
 -2           5.02923E-01
 -1       232-4.95144E-02-2.05365E-02 4.99942E-01 0.00000E+00 0.00000E+00 0.00000E+00
 -2           5.02808E-01
 -1       233-1.28079E-02-5.01143E-02-4.99342E-01 0.00000E+00 0.00000E+00 0.00000E+00
 -2           5.02014E-01
 -1       234-1.28079E-02-5.01143E-02 5.00658E-01 0.00000E+00 0.00000E+00 0.00000E+00
 -2           5.03323E-01
 -1       235-3.28349E-02-4.00160E-02-4.99660E-01 0.00000E+00 0.00000E+00 0.00000E+00
 -2           5.02334E-01
 -1       236-3.28349E-02-4.00160E-02 5.00340E-01 0.00000E+00 0.00000E+00 0.00000E+00
 -2           5.03011E-01
 -1       237 5.39676E-02 3.18529E-03-4.98767E-01 0.00000E+00 0.00000E+00 0.00000E+00
 -2           5.01688E-01
 -1       238 5.39676E-02 3.18529E-03 5.01233E-01 0.00000E+00 0.00000E+00 0.00000E+00
 -2           5.04140E-01
 -1       239-3.40925E-02-3.94356E-02-4.99554E-01 0.00000E+00 0.00000E+00 0.00000E+00
 -2           5.02266E-01
 -1       240-3.40925E-02-3.94356E-02 5.00446E-01 0.00000E+00 0.00000E+00 0.00000E+00
 -2           5.03154E-01
 -1       241 3.28370E-02 4.59983E-02-4.98765E-01 0.00000E+00 0.00000E+00 0.00000E+00
 -2           5.01957E-01
 -1       242 3.28370E-02 4.59983E-02 5.01235E-01 0.00000E+00 0.00000E+00 0.00000E+00
 -2           5.04411E-01
 -1       243 3.28184E-02 4.61055E-02-4.99901E-01 0.00000E+00 0.00000E+00 0.00000E+00
 -2           5.03095E-01
 -1       244 3.28184E-02 4.61055E-02 5.00099E-01 0.00000E+00 0.00000E+00 0.00000E+00
 -2           5.03290E-01
 -1       245-1.19324E-02 2.91593E-02 5.05680E-01 0.00000E+00 0.00000E+00 0.00000E+00
 -2           5.06661E-01
 -1       246-1.19324E-02 2.91593E-02-4.94320E-01 0.00000E+00 0.00000E+00 0.00000E+00
 -2           4.95323E-01
 -1       247-1.48795E-02 5.37296E-02-4.98586E-01 0.00000E+00 0.00000E+00 0.00000E+00
 -2           5.01693E-01
 -1       248-1.48795E-02 5.37296E-02 5.01414E-01 0.00000E+00 0.00000E+00 0.00000E+00
 -2           5.04504E-01
 -1       249-3.60276E-02 4.20318E-02-4.99983E-01 0.00000E+00 0.00000E+00 0.00000E+00
 -2           5.03039E-01
 -1       250-3.60276E-02 4.20318E-02 5.00017E-01 0.00000E+00 0.00000E+00 0.00000E+00
 -2           5.03072E-01
 -1       251-2.51358E-02 2.43262E-02-4.99664E-01 0.00000E+00 0.00000E+00 0.00000E+00
 -2           5.00887E-01
 -1       252-2.51358E-02 2.43262E-02 5.00336E-01 0.00000E+00 0.00000E+00 0.00000E+00
 -2           5.01557E-01
 -1       253-5.51923E-02 3.27506E-03-5.00542E-01 0.00000E+00 0.00000E+00 0.00000E+00
 -2           5.03586E-01
 -1       254-5.51923E-02 3.27506E-03 4.99458E-01 0.00000E+00 0.00000E+00 0.00000E+00
 -2           5.02509E-01
 -1       255-4.28689E-02 3.34066E-02-5.04693E-01 0.00000E+00 0.00000E+00 0.00000E+00
 -2           5.07610E-01
 -1       256-4.28689E-02 3.34066E-02 4.95307E-01 0.00000E+00 0.00000E+00 0.00000E+00
 -2           4.98280E-01
 -1       257 9.83516E-03 5.66171E-02-5.01339E-01 0.00000E+00 0.00000E+00 0.00000E+00
 -2           5.04622E-01
 -1       258 9.83516E-03 5.66171E-02 4.98661E-01 0.00000E+00 0.00000E+00 0.00000E+00
 -2           5.01961E-01
 -1       259-5.52938E-02 2.66890E-03 4.99623E-01 0.00000E+00 0.00000E+00 0.00000E+00
 -2           5.02680E-01
 -1       260-5.52938E-02 2.66890E-03-5.00377E-01 0.00000E+00 0.00000E+00 0.00000E+00
 -2           5.03430E-01
 -1       261 3.26029E-02 4.60251E-02-5.01025E-01 0.00000E+00 0.00000E+00 0.00000E+00
 -2           5.04190E-01
 -1       262 3.26029E-02 4.60251E-02 4.98975E-01 0.00000E+00 0.00000E+00 0.00000E+00
 -2           5.02152E-01
 -1       263 5.36528E-02 2.45997E-03-4.99255E-01 0.00000E+00 0.00000E+00 0.00000E+00
 -2           5.02136E-01
 -1       264 5.36528E-02 2.45997E-03 5.00745E-01 0.00000E+00 0.00000E+00 0.00000E+00
 -2           5.03617E-01
 -1       265-5.01738E-02 2.47690E-02-5.00398E-01 0.00000E+00 0.00000E+00 0.00000E+00
 -2           5.03516E-01
 -1       266-5.01738E-02 2.47690E-02 4.99602E-01 0.00000E+00 0.00000E+00 0.00000E+00
 -2           5.02726E-01
 -3
    1PSTEP                         2           1           1
  100CL  101 1.00000E+00         266                     0    1           1
 -4  TOSTRAIN    6    1
 -5  EXX         1    4    1    1
 -5  EYY         1    4    2    2
 -5  EZZ         1    4    3    3
 -5  EYZ         1    4    2    3
 -5  EZX         1    4    3    1
 -5  EXY         1    4    1    2
 -1         1-1.59473E-10-3.71164E-10-1.21041E-02 2.61400E-04-5.45071E-03-1.55586E-09
 -1         2 1.45962E-10-3.92012E-10-1.20890E-02 3.63312E-04 5.16749E-03-3.49953E-11
 -1         3 2.06794E-07 8.85715E-04-1.16912E-02-9.84224E-04-5.15903E-03 7.17383E-05
 -1         4-9.79456E-10 8.80314E-04-1.20365E-02-5.87013E-04 5.16096E-03 1.86918E-06
 -1         5 2.54761E-04 4.43770E-04-1.15684E-02-2.17945E-03-4.40639E-03-8.37776E-04
 -1         6 6.50104E-04 2.43642E-04-1.15492E-02-4.08035E-03-2.88084E-03-7.98813E-04
 -1         7 6.94946E-04 1.37912E-05-1.12819E-02-4.72045E-03 2.16984E-04 3.68906E-04
 -1         8 7.09818E-04 1.81849E-04-1.10160E-02-4.24497E-03 2.16078E-03 7.24755E-04
 -1         9 4.95684E-04 6.46934E-04-1.15234E-02-2.25939E-03 3.55053E-03 1.32030E-03
 -1        10 2.27359E-03 1.83210E-03-1.18550E-02 3.45423E-04 2.56144E-03 5.19445E-05
 -1        11 3.46265E-03 3.30243E-03-1.26148E-02 1.42665E-05-6.09047E-05 8.07073E-05
 -1        12 3.59276E-03 3.56018E-03-1.27199E-02 2.26609E-05-1.91261E-04 2.44935E-05
 -1        13 3.60788E-03 3.61889E-03-1.28844E-02 2.01557E-04-3.93030E-05 3.97119E-05
 -1        14 3.60894E-03 3.60882E-03-1.36103E-02 8.96372E-06 6.45223E-05 1.30147E-04
 -1        15 3.62285E-03 3.61227E-03-1.28474E-02-3.03020E-05 1.67143E-04-1.46648E-05
 -1        16 3.58470E-03 3.61047E-03-1.28784E-02-2.84633E-05 2.82223E-04-2.50327E-05
 -1        17 3.36342E-03 3.42066E-03-1.25420E-02-1.74798E-04-1.46333E-04-5.38032E-05
 -1        18 2.37669E-03 2.39598E-03-1.20340E-02 8.18791E-05-2.20189E-03 2.81499E-04
 -1        19 2.45832E-04 4.20667E-04-1.12242E-02 2.66637E-03 4.06139E-03-8.02091E-04
 -1        20 6.03941E-04 2.14499E-04-1.07071E-02 4.49956E-03 2.51892E-03-7.22494E-04
 -1        21 5.95775E-04-1.24933E-05-1.07415E-02 5.10840E-03 4.46709E-04-2.51284E-04
 -1        22 6.17808E-04 2.34283E-04-1.08535E-02 4.29275E-03-2.44643E-03 7.60965E-04
 -1        23 2.48476E-04 4.18874E-04-1.11966E-02 2.47834E-03-3.97310E-03 7.75722E-04
 -1        24 2.51831E-03 2.41887E-03-1.19900E-02 1.68793E-04 1.95696E-03-2.33578E-04
 -1        25 3.35566E-03 3.42351E-03-1.24448E-02-1.34935E-04 5.42735E-05 7.57885E-05
 -1        26 3.57498E-03 3.61591E-03-1.28326E-02-3.10300E-05-2.82592E-04 1.37572E-05
 -1        27 3.60195E-03 3.60049E-03-1.28227E-02-6.27126E-06-1.75245E-04 1.55957E-05
 -1        28 3.67064E-03 3.55202E-03-1.35528E-02-1.14355E-04 1.00881E-04-6.40203E-05
 -1        29 3.63592E-03 3.64618E-03-1.28834E-02 2.72185E-05 1.37287E-04 2.24195E-05
 -1        30 3.60311E-03 3.62319E-03-1.28623E-02 4.24240E-05 3.10482E-04 3.34000E-05
 -1        31 3.34797E-03 3.28871E-03-1.24690E-02 1.52058E-04 1.43617E-04 7.33181E-05
 -1        32 2.16394E-03 1.91422E-03-1.19260E-02 1.32090E-05-2.52765E-03 4.80777E-06
 -1        33 7.53584E-06 6.53904E-04-1.13941E-02-2.92968E-03-5.12026E-03-1.93273E-04
 -1        34 7.16165E-04 1.69001E-04-1.18624E-02-5.25944E-03-3.32793E-03-7.13197E-04
 -1        35 6.41553E-04-2.98585E-05-1.14717E-02-5.92951E-03 1.39639E-04 2.55709E-04
 -1        36 6.45238E-04 1.72195E-04-1.15135E-02-5.44767E-03 2.49097E-03 6.70348E-04
 -1        37 1.09899E-03 1.02130E-03-1.16331E-02-2.62558E-03 3.61720E-03-8.67298E-05
 -1        38 1.76196E-04 3.72157E-04-1.17835E-02 2.35449E-03 4.46178E-03-6.69446E-04
 -1        39 6.82407E-04 2.41440E-04-1.15407E-02 4.15700E-03 2.76322E-03-8.11819E-04
 -1        40 6.91410E-04 1.13918E-05-1.17281E-02 4.86154E-03 4.94661E-04-3.62876E-04
 -1        41 6.15308E-04 3.59122E-04-1.18857E-02 3.82728E-03-2.77962E-03 9.77350E-04
 -1        42 3.94262E-04 3.85428E-04-1.17201E-02 2.06632E-03-4.18464E-03 8.52367E-04
 -1        43 2.07866E-03 1.85003E-03-1.17224E-02-1.82683E-03-2.15247E-03-2.44130E-04
 -1        44 1.93987E-03 1.97342E-03-1.16112E-02-2.54291E-03 7.44897E-04 3.42514E-04
 -1        45 2.83334E-03 2.65638E-03-1.21116E-02-8.37535E-04 1.26626E-03 1.00408E-03
 -1        46 3.59718E-03 3.57889E-03-1.27451E-02 3.78060E-05-1.83262E-04 3.35207E-05
 -1        47 3.61679E-03 3.60902E-03-1.23918E-02-6.73636E-05 1.88764E-04 5.04080E-05
 -1        48 3.53500E-03 3.57248E-03-1.28778E-02-1.67189E-05 2.25293E-04 4.46037E-06
 -1        49 1.66748E-03 1.67789E-03-1.14664E-02 2.27058E-03 2.01582E-03-2.91954E-04
 -1        50 1.79869E-03 1.42227E-03-1.13477E-02 3.18614E-03 7.14542E-04-2.80472E-04
 -1        51 2.17688E-03 1.72052E-03-1.15391E-02 2.65127E-03-8.98580E-04 4.63421E-04
 -1        52 1.68263E-03 1.70376E-03-1.15093E-02 2.09040E-03-1.96229E-03 3.22642E-04
 -1        53 3.52256E-03 3.56144E-03-1.28299E-02 1.05042E-05-1.71101E-04-1.78172E-05
 -1        54 3.63220E-03 3.52144E-03-1.24221E-02 3.80869E-05 1.10573E-04-8.66486E-05
 -1        55 3.64742E-03 3.61492E-03-1.28795E-02 9.29272E-05 1.83322E-04-4.08454E-05
 -1        56 3.32323E-03 3.21991E-03-1.24601E-02-4.72127E-04-1.71199E-04-8.99690E-05
 -1        57 2.40820E-03 2.10529E-03-1.18203E-02-2.22202E-03-7.66092E-04 6.06822E-05
 -1        58 1.86941E-03 1.71922E-03-1.15578E-02-2.19188E-03 1.81547E-03 2.46935E-04
 -1        59 3.54637E-03 3.48072E-03-1.27795E-02-9.17168E-05-2.63339E-04 1.27557E-04
 -1        60 3.63187E-03 3.64069E-03-1.30197E-02-8.67872E-06-4.22464E-05 7.63125E-06
 -1        61 3.62410E-03 3.63442E-03-1.28945E-02-2.40272E-05 2.07724E-04-2.08589E-05
 -1        62 3.37615E-03 3.22826E-03-1.26611E-02 3.60617E-04-4.62390E-04-1.30523E-04
 -1        63 3.36280E-03 3.18788E-03-1.25578E-02 4.07120E-04 4.86660E-04 1.96654E-04
 -1        64 3.61040E-03 3.64463E-03-1.28829E-02-3.37465E-06-2.19485E-04-1.31810E-05
 -1        65 3.63760E-03 3.61075E-03-1.31522E-02 1.22729E-04 1.70822E-04-9.14476E-05
 -1        66 3.56612E-03 3.53857E-03-1.27881E-02 1.42715E-04 2.89748E-04-7.20669E-05
 -1        67 3.63827E-03 3.65162E-03-1.31041E-02-1.28113E-04-1.06224E-05 5.69896E-05
 -1        68 3.51487E-03 3.42862E-03-1.28356E-02 1.79570E-05 1.46597E-04 8.18435E-05
 -1        69 3.48340E-03 3.41409E-03-1.28768E-02-2.35838E-04 8.27586E-05 1.75464E-04
 -1        70 3.61142E-03 3.53810E-03-1.26357E-02 1.21726E-04 1.04801E-04 1.65738E-05
 -1        71 3.63411E-03 3.59439E-03-1.28425E-02 1.53752E-04 1.67409E-04-3.97843E-05
 -1        72 3.60714E-03 3.59460E-03-1.29865E-02-8.48560E-05-7.08254E-05-4.45723E-05
 -1        73 3.31785E-03 3.41198E-03-1.28199E-02 5.52829E-04 3.89056E-04 9.05685E-05
 -1        74 3.43484E-03 3.42797E-03-1.27311E-02-1.20886E-04-9.64071E-05-4.49490E-05
 -1        75 3.31175E-03 3.46292E-03-1.29023E-02 4.88913E-04 1.12040E-04-1.11480E-05
 -1        76 3.37202E-03 3.44989E-03-1.28760E-02 3.55980E-04-2.03185E-04-2.08707E-05
 -1        77 3.63491E-03 3.63107E-03-1.52871E-02 3.26439E-04 1.23019E-04-9.80116E-05
 -1        78 3.68007E-03 3.62249E-03-1.29830E-02 5.11650E-05-1.48450E-04-1.50194E-04
 -1        79 3.62740E-03 3.61256E-03-1.28308E-02 8.68062E-05-7.57703E-05 3.69412E-05
 -1        80 3.64330E-03 3.60625E-03-1.28454E-02 1.74490E-04 6.29535E-05-5.26413E-05
 -1        81 3.61547E-03 3.55660E-03-1.27466E-02 5.14522E-05-1.77218E-04 3.96246E-05
 -1        82 3.62356E-03 3.61383E-03-1.29501E-02-1.04657E-04 1.74019E-04 7.29534E-06
 -1        83 3.63095E-03 3.60348E-03-1.28763E-02 2.04879E-04 9.57255E-05-3.41879E-05
 -1        84 3.60340E-03 3.44944E-03-1.20671E-02-1.80360E-04 3.39258E-05 7.19112E-06
 -1        85 3.61995E-03 3.58933E-03-1.30198E-02-1.58920E-04 3.87158E-05-1.19101E-05
 -1        86 3.63820E-03 3.57385E-03-1.28039E-02 2.38086E-04-4.16882E-05 5.92397E-05
 -1        87 3.66031E-03 3.64105E-03-1.33217E-02-2.02124E-04 1.24368E-04-1.48306E-05
 -1        88 3.61271E-03 3.60577E-03-1.27827E-02 6.74946E-05-1.14520E-05-1.93927E-05
 -1        89 3.59842E-03 3.61740E-03-1.24201E-02-3.75932E-05 6.47681E-05-4.43462E-05
 -1        90 3.64495E-03 3.63555E-03-1.29455E-02-1.74965E-04-1.79200E-06 1.87080E-06
 -1        91 3.61234E-03 3.51325E-03-1.24223E-02-1.06424E-04 1.48143E-04-4.83153E-05
 -1        92 1.64475E-03 1.89904E-03-1.18886E-02-3.11455E-03-3.15963E-03-1.19176E-04
 -1        93 2.33161E-03 2.16025E-03-1.19654E-02-3.10060E-03-7.33820E-04 2.63358E-04
 -1        94 1.98764E-03 2.15427E-03-1.17543E-02-3.06168E-03 7.32746E-04 9.62768E-06
 -1        95 2.07271E-03 2.30341E-03-1.18160E-02-2.46355E-03 1.94365E-03-2.16800E-04
 -1        96 2.39757E-03 2.17762E-03-1.19939E-02-1.17088E-03 2.66426E-03 5.70077E-05
 -1        97 3.16318E-03 2.55401E-03-1.20318E-02 5.56451E-04 1.05851E-03 6.48886E-04
 -1        98 3.57225E-03 3.50001E-03-1.28608E-02-2.30219E-05-1.74145E-04-1.93431E-05
 -1        99 3.62277E-03 3.62905E-03-1.28780E-02-6.04029E-05-8.58876E-05-4.24836E-05
 -1       100 3.62024E-03 3.68085E-03-1.30486E-02 3.42055E-04 5.30342E-04 3.72176E-05
 -1       101 3.59609E-03 3.59753E-03-1.43449E-02-3.43232E-04 1.27077E-03-1.35705E-06
 -1       102 3.61706E-03 3.60522E-03-1.28066E-02 7.52164E-05 1.73923E-04-2.07905E-05
 -1       103 3.52213E-03 3.54849E-03-1.27950E-02 1.63276E-05 1.82175E-04-7.22298E-05
 -1       104 3.35384E-03 3.29647E-03-1.25950E-02-5.27249E-04-5.19113E-04 5.95848E-06
 -1       105 1.86738E-03 1.54506E-03-1.19323E-02 2.38279E-03 2.78157E-03-1.17216E-04
 -1       106 2.45024E-03 2.11994E-03-1.20248E-02 2.28730E-03-7.26692E-04 4.81589E-05
 -1       107 3.28721E-03 3.29137E-03-1.24118E-02-5.38098E-04 3.14491E-04-1.88610E-05
 -1       108 3.53965E-03 3.55707E-03-1.27376E-02-4.68994E-05-2.73936E-04 3.13803E-05
 -1       109 3.59214E-03 3.63950E-03-1.27666E-02-1.36666E-04-2.28829E-04 4.94855E-05
 -1       110 3.62691E-03 3.45714E-03-1.18996E-02 8.89735E-06-1.66342E-05-5.60462E-05
 -1       111 3.62730E-03 3.57417E-03-1.29543E-02-1.40556E-05 1.80489E-04 1.26793E-04
 -1       112 3.58464E-03 3.60012E-03-1.27253E-02 9.21430E-06 1.79334E-04 1.02199E-04
 -1       113 3.50234E-03 3.51208E-03-1.27726E-02-4.46432E-06 1.32657E-04 2.08544E-04
 -1       114 2.28914E-03 2.01358E-03-1.19448E-02 1.44205E-03-1.79830E-03 3.19105E-04
 -1       115 1.96187E-03 1.99502E-03-1.18564E-02 2.83326E-03 7.91708E-04-2.90596E-04
 -1       116 1.91935E-03 2.05840E-03-1.18202E-02-1.34512E-03-2.84301E-03 4.30891E-04
 -1       117 3.24733E-03 3.34529E-03-1.25073E-02-7.55131E-04 3.06408E-04 7.38971E-05
 -1       118 3.14723E-03 3.18202E-03-1.25301E-02-9.69423E-04 4.70061E-04-2.71114E-04
 -1       119 3.27588E-03 3.23541E-03-1.24294E-02-5.95311E-04 4.39556E-04-2.99786E-05
 -1       120 3.62545E-03 3.54206E-03-1.27561E-02-1.03904E-04-5.41935E-05-5.42288E-05
 -1       121 3.63908E-03 3.10680E-03-1.28339E-02-3.78080E-03 2.60719E-03 3.90364E-04
 -1       122 3.61230E-03 2.87723E-03-1.92023E-02-4.21457E-03 3.17757E-03 5.38054E-04
 -1       123 3.62513E-03 3.55932E-03-1.27707E-02 1.52042E-04 2.96900E-05-2.49520E-05
 -1       124 3.59956E-03 3.57069E-03-1.28350E-02 2.17936E-04 1.67933E-04-5.54054E-05
 -1       125 3.20662E-03 3.30606E-03-1.23356E-02-7.23677E-04-4.52324E-04 3.51376E-04
 -1       126 3.42812E-03 3.35829E-03-1.26615E-02 1.92511E-04 1.20250E-04-8.27265E-05
 -1       127 3.42197E-03 3.39966E-03-1.26496E-02 1.64480E-05-8.61943E-05 6.21456E-05
 -1       128 3.38007E-03 3.32327E-03-1.25180E-02 6.42106E-04 3.20194E-04 5.21073E-05
 -1       129 3.55280E-03 3.50575E-03-1.26944E-02 2.96496E-05-1.49445E-04 6.93549E-05
 -1       130 3.57320E-03 3.58223E-03-1.26146E-02 7.24988E-06-5.79761E-05 1.18357E-05
 -1       131 3.66762E-03 3.61730E-03-1.34073E-02-3.05900E-04-8.36255E-05 1.07785E-04
 -1       132 3.31322E-03 3.50616E-03-1.15267E-02-9.87319E-05-1.52668E-04 9.15268E-06
 -1       133 3.58825E-03 3.57297E-03-1.26907E-02 2.27851E-05 5.60096E-05 4.47985E-05
 -1       134 3.57128E-03 3.51627E-03-1.25557E-02-7.27302E-05 8.97268E-05 8.77720E-05
 -1       135 3.52472E-03 3.33564E-03-1.25663E-02-4.87510E-05 6.68225E-05 9.53843E-05
 -1       136 3.62140E-03 3.57899E-03-1.28085E-02-1.47146E-04-7.04675E-05-2.23720E-05
 -1       137 3.48016E-03 3.52697E-03-1.22841E-02 4.95789E-04-3.93971E-04 1.52230E-04
 -1       138 3.56380E-03 3.42760E-03-1.25233E-02 1.05256E-03 3.13877E-04 3.79257E-04
 -1       139 3.63368E-03 3.57834E-03-1.27932E-02 2.20774E-04 7.73241E-05-1.44201E-05
 -1       140 3.57695E-03 3.48854E-03-1.27781E-02 2.00491E-04 1.32269E-04 2.87433E-06
 -1       141 3.56277E-03 3.49590E-03-1.25860E-02-1.11769E-04-3.12399E-05 1.09995E-05
 -1       142 3.62143E-03 3.56554E-03-1.28333E-02 2.48483E-04 1.69760E-05 2.38363E-05
 -1       143 3.61118E-03 3.59522E-03-1.26208E-02 3.28363E-04-1.36692E-04 1.00453E-04
 -1       144 3.10208E-03 3.88015E-03-1.52650E-02 2.35064E-03-6.29887E-04 6.26804E-04
 -1       145 3.55850E-03 3.59771E-03-1.26998E-02 1.15411E-04 3.21735E-04 7.77334E-05
 -1       146 3.59412E-03 3.51490E-03-1.26477E-02-1.00684E-04-4.64678E-05-4.59601E-06
 -1       147 1.48732E-03 1.14291E-03-1.15915E-02-7.91381E-05 2.38959E-03 4.09224E-04
 -1       148 1.29927E-03 1.35219E-03-1.16249E-02 2.12739E-03 1.54023E-03 4.26818E-04
 -1       149 1.05962E-03 9.66494E-04-1.15131E-02 2.39290E-03-1.08524E-03-1.11200E-04
 -1       150 1.17716E-03 8.74804E-04-1.14796E-02 1.24460E-05-2.71103E-03-9.64418E-06
 -1       151 1.02690E-03 9.70408E-04-1.12741E-02-2.52623E-03-1.18091E-03 1.83612E-04
 -1       152 6.60498E-04 8.20871E-04-1.10303E-02-2.62924E-03 1.26724E-03-1.92804E-04
 -1       153-1.10094E-10-6.72828E-10-1.10531E-02-2.65612E-05-1.54199E-04-1.06916E-10
 -1       154 9.04031E-04 1.06512E-03-1.13698E-02 2.17979E-04-3.02047E-03 2.46661E-04
 -1       155 1.35708E-03 1.41334E-03-1.16195E-02-2.73387E-03-1.51238E-03 3.21223E-04
 -1       156 8.16848E-04 1.15458E-03-1.13165E-02-2.89010E-03 1.47081E-03-3.91386E-04
 -1       157 1.23180E-03 1.08637E-03-1.14611E-02 1.53464E-04 2.79832E-03-1.22956E-04
 -1       158 4.51113E-04 1.62938E-04-1.07092E-02 4.47291E-03 2.56190E-03-5.43852E-04
 -1       159 8.43394E-04 1.40153E-04-1.08141E-02 4.47300E-03-1.65464E-03 5.02225E-04
 -1       160 9.34882E-04 1.09675E-03-1.11256E-02 1.79974E-03-3.77296E-06 9.78763E-05
 -1       161 2.83735E-03 2.79502E-03-1.21925E-02-5.45854E-05-4.36376E-08 2.44244E-05
 -1       162 3.62892E-03 3.60181E-03-1.29100E-02 1.07065E-04-2.18963E-05 1.18651E-06
 -1       163 3.60709E-03 3.56919E-03-1.28211E-02-1.15915E-04 3.49326E-05 3.35048E-06
 -1       164 3.07303E-03 3.12152E-03-1.24447E-02-1.84845E-04 5.59363E-05-9.61159E-06
 -1       165 3.61891E-03 3.58406E-03-1.28962E-02-1.11576E-05 6.63700E-05-1.03630E-05
 -1       166 3.63029E-03 3.58173E-03-1.30096E-02 3.14681E-05 3.21738E-05-4.04943E-05
 -1       167 3.51551E-03 3.56857E-03-1.34701E-02-1.95066E-04 5.52747E-05 1.24787E-04
 -1       168 2.72765E-03 2.54935E-03-1.19153E-02-1.31154E-03 1.38789E-03-4.52923E-04
 -1       169 3.58184E-03 3.42456E-03-1.15576E-02-6.41841E-05 7.29950E-04-2.22958E-04
 -1       170 3.58043E-03 3.50774E-03-1.14296E-02-4.57116E-04 1.16556E-03-3.54109E-04
 -1       171 3.67134E-03 3.50638E-03-1.34648E-02 9.88344E-05 2.70969E-04-3.00886E-04
 -1       172 3.68927E-03 3.54071E-03-1.24036E-02 2.44964E-04 3.55348E-04-3.94298E-04
 -1       173 3.56714E-03 3.40723E-03-1.10258E-02-4.26532E-04-2.44516E-04-8.31695E-05
 -1       174 3.57358E-03 3.45960E-03-1.20911E-02 9.65356E-05 6.19679E-05-7.35553E-05
 -1       175 3.59507E-03 3.61028E-03-1.16561E-02-6.53036E-04-2.30760E-04 1.03759E-04
 -1       176 3.61968E-03 3.63718E-03-1.22947E-02-5.18330E-04-2.24049E-04 1.62031E-04
 -1       177 3.63509E-03 3.57589E-03-1.30164E-02-4.91581E-04-3.70021E-04 8.19644E-05
 -1       178 3.62771E-03 3.57574E-03-1.20772E-02-3.52054E-04-7.53974E-05 1.17532E-04
 -1       179 3.57067E-03 3.49457E-03-1.23689E-02 2.60687E-04 2.53636E-05 1.54077E-05
 -1       180 3.57067E-03 3.49457E-03-1.18355E-02-9.97985E-05 2.55186E-04 1.54082E-05
 -1       181 3.65699E-03 3.57340E-03-1.34148E-02-3.14010E-04-1.62876E-04 1.70186E-05
 -1       182 3.67200E-03 3.58259E-03-1.24825E-02-1.94718E-04 2.11504E-04 8.47958E-06
 -1       183 3.61435E-03 3.66532E-03-1.31036E-02-5.27320E-04-3.55891E-04 5.25293E-05
 -1       184 3.60924E-03 3.64711E-03-1.18013E-02-4.81790E-04 4.48674E-06 9.62991E-05
 -1       185 3.63106E-03 3.63463E-03-1.27564E-02-1.91514E-05 1.80746E-04-1.24155E-05
 -1       186 3.63106E-03 3.63463E-03-1.27086E-02-1.05217E-04 4.18125E-04-1.24155E-05
 -1       187 3.61759E-03 3.61163E-03-1.25930E-02-5.41745E-04-4.86745E-04-4.05461E-06
 -1       188 3.63217E-03 3.63148E-03-1.43702E-02-1.05983E-03-6.79411E-04 2.35609E-05
 -1       189 3.59468E-03 3.62359E-03-1.36369E-02-4.76564E-04-6.88100E-04-2.02441E-05
 -1       190 3.57422E-03 3.63689E-03-1.32226E-02-9.13383E-04-8.55343E-04-1.61076E-05
 -1       191 3.63101E-03 3.71714E-03-1.38057E-02-3.27370E-04 3.38150E-04-1.73448E-04
 -1       192 3.55842E-03 3.64709E-03-1.32644E-02-3.92562E-04 4.66622E-04 4.60826E-05
 -1       193 3.48334E-03 3.27124E-03-1.14210E-02-5.45962E-04 2.66010E-04 3.38458E-04
 -1       194 3.52783E-03 3.19423E-03-1.25743E-02-5.67262E-04 3.98858E-04 4.40391E-04
 -1       195 3.64333E-03 3.59508E-03-1.33361E-02-1.53790E-04-5.38630E-05 5.60161E-05
 -1       196 3.65371E-03 3.59106E-03-1.31787E-02-4.11414E-04-1.61146E-04 9.79210E-05
 -1       197 2.48302E-03 3.98956E-03-2.28548E-02 2.52097E-03-1.57017E-03 6.34768E-04
 -1       198 1.98499E-03 4.49089E-03-2.75475E-02 7.28603E-03-1.23318E-03 1.39280E-03
 -1       199 2.22278E-03 4.15130E-03-2.02399E-02 5.18208E-03-1.95473E-03 7.73456E-04
 -1       200 2.82651E-03 4.41727E-03-2.10133E-02 8.82052E-03 1.41560E-03 1.37592E-03
 -1       201 3.02611E-03 3.84926E-03-1.80019E-02 2.05260E-03-2.04361E-03 4.41321E-04
 -1       202 3.04834E-03 3.92433E-03-1.43788E-02 3.71037E-03-1.58993E-04 6.62389E-04
 -1       203 3.72491E-03 3.55444E-03-1.15928E-02-3.60392E-04-6.62142E-04 2.22023E-04
 -1       204 3.75700E-03 3.56638E-03-1.38347E-02-9.54515E-04-1.39784E-03 3.29877E-04
 -1       205 3.65693E-03 3.61813E-03-1.25305E-02-4.83801E-04 1.57461E-04-3.63051E-05
 -1       206 3.64972E-03 3.59926E-03-1.29448E-02-2.01918E-04 1.25612E-04-1.04880E-05
 -1       207 3.60777E-03 3.53961E-03-1.31240E-02 5.80323E-04-1.12692E-05 1.16878E-04
 -1       208 3.58588E-03 3.46174E-03-1.30034E-02 2.10041E-04 4.19798E-04 1.96855E-04
 -1       209 3.63358E-03 3.62260E-03-1.31812E-02 8.75685E-05 1.72019E-05 1.49834E-04
 -1       210 3.64230E-03 3.63967E-03-1.50525E-02-1.16341E-04-4.00367E-05 2.07872E-04
 -1       211 3.59720E-03 3.71845E-03-1.43523E-02-5.11250E-04 1.62160E-04-4.18589E-05
 -1       212 3.60637E-03 3.72242E-03-1.31009E-02-1.35421E-04 8.61908E-05-2.17515E-05
 -1       213 3.53993E-03 2.66092E-03-1.73603E-02-3.70501E-03 3.54928E-03 7.85433E-04
 -1       214 3.55748E-03 2.79803E-03-1.22416E-02-3.91845E-03 3.63230E-03 6.70870E-04
 -1       215 3.59546E-03 3.62557E-03-1.27982E-02 1.80042E-03 2.17924E-03-5.75080E-05
 -1       216 3.59199E-03 3.63118E-03-1.31284E-02 1.19852E-03 1.55584E-03-5.52813E-05
 -1       217 3.65420E-03 3.88700E-03-1.38365E-02-3.62594E-04-9.79423E-05 2.34593E-04
 -1       218 3.65420E-03 3.88700E-03-1.50634E-02-9.45321E-04-4.56950E-04 2.34592E-04
 -1       219 3.68274E-03 3.41060E-03-1.35181E-02-1.07649E-04-6.27398E-05-6.43178E-07
 -1       220 3.76956E-03 3.36622E-03-1.27003E-02 6.51942E-05-3.78128E-04-6.63406E-05
 -1       221 3.69064E-03 3.40360E-03-1.33409E-02 3.24779E-05 4.72798E-04-3.03303E-04
 -1       222 3.71354E-03 3.49364E-03-1.22971E-02 1.19602E-04 4.26152E-04-2.46658E-04
 -1       223 3.62924E-03 3.42206E-03-1.33714E-02 8.52086E-04 4.55982E-04-3.27878E-04
 -1       224 3.66320E-03 3.42100E-03-1.14030E-02 7.08151E-04 1.90151E-04-3.78516E-04
 -1       225 3.58201E-03 3.44940E-03-1.31336E-02 1.65643E-05 3.23854E-04 1.23822E-05
 -1       226 3.54644E-03 3.32129E-03-1.22234E-02-3.50875E-04 3.05771E-04 1.48669E-04
 -1       227 3.63374E-03 3.59696E-03-1.29559E-02 1.41994E-04 3.54194E-05-8.68743E-05
 -1       228 3.64415E-03 3.61971E-03-1.63756E-02 3.61631E-04 1.20972E-04-1.34273E-04
 -1       229 3.69221E-03 3.74674E-03-1.33424E-02 3.03610E-04 3.03354E-04-3.09119E-04
 -1       230 3.70625E-03 3.72316E-03-1.50523E-02 2.87622E-04 2.94475E-04-3.41058E-04
 -1       231 3.62720E-03 3.50969E-03-1.26175E-02 1.72135E-05 9.09124E-06-9.74215E-05
 -1       232 3.62720E-03 3.50969E-03-1.25696E-02-4.16697E-05-1.89992E-04-9.74202E-05
 -1       233 3.59438E-03 3.65228E-03-1.28646E-02 2.16567E-05 1.39001E-04 4.12616E-05
 -1       234 3.60671E-03 3.67284E-03-1.56717E-02-9.22066E-05 2.70534E-04 8.03484E-05
 -1       235 3.60216E-03 3.61374E-03-1.26293E-02 2.28193E-04-1.05035E-04-6.47859E-05
 -1       236 3.59033E-03 3.61011E-03-1.77760E-02 4.52714E-04 8.19801E-05-4.82701E-05
 -1       237 3.61458E-03 3.59256E-03-1.38972E-02 5.78393E-04-3.85371E-05 1.71350E-04
 -1       238 3.60739E-03 3.57837E-03-1.59005E-02 7.31233E-04-3.97632E-06 3.74670E-04
 -1       239 3.65799E-03 3.70008E-03-1.31211E-02 1.61887E-04 1.14863E-04-1.68051E-04
 -1       240 3.68156E-03 3.82467E-03-1.80579E-02 6.61455E-05 4.21417E-04-2.87794E-04
 -1       241 3.48852E-03 3.26681E-03-1.27264E-02-5.67890E-03 7.14840E-03 5.76708E-04
 -1       242 3.41080E-03 2.83609E-03-2.46224E-02-5.07406E-03 8.40990E-03 1.01049E-03
 -1       243 3.44490E-03 1.30288E-03-1.27000E-02-1.17436E-02 1.07651E-02 2.55103E-03
 -1       244 3.44490E-03 1.30290E-03-2.79024E-02-1.19180E-02 8.75288E-03 2.55103E-03
 -1       245 3.53761E-03 3.48065E-03-1.17047E-02-9.57601E-05-9.05487E-04 7.45308E-05
 -1       246 3.36684E-03 3.45552E-03-1.06149E-02-5.11632E-04-1.04089E-03 3.06351E-05
 -1       247 2.83285E-03 3.80990E-03-1.60867E-02 1.08794E-03-8.51673E-04 3.42885E-04
 -1       248 2.44277E-03 3.90442E-03-1.64598E-02 1.26048E-03-3.60379E-03 4.16639E-04
 -1       249 3.57849E-03 3.29811E-03-1.16694E-02 1.88854E-04 5.62594E-04-4.99402E-05
 -1       250 3.64534E-03 3.41972E-03-1.27378E-02-3.39133E-04-3.05901E-04 1.01809E-04
 -1       251 3.63398E-03 3.43761E-03-1.28554E-02 1.18209E-05 1.79649E-04 7.37072E-05
 -1       252 3.63250E-03 3.29321E-03-1.14480E-02 3.68984E-04 9.71048E-05-3.32958E-05
 -1       253 3.73253E-03 3.41603E-03-1.49450E-02-1.43746E-03-2.20090E-04-1.40403E-04
 -1       254 3.64910E-03 3.38499E-03-1.18566E-02-1.93149E-04-4.27542E-05-3.07908E-04
 -1       255 3.56908E-03 3.32379E-03-1.25634E-02-1.03891E-05 5.58633E-04 3.42704E-05
 -1       256 3.57713E-03 3.30658E-03-1.06820E-02-8.17323E-04 8.98151E-05 5.32595E-05
 -1       257 3.60890E-03 3.81165E-03-1.33504E-02 2.63685E-03-1.71896E-04 2.90481E-04
 -1       258 3.59586E-03 3.86411E-03-1.22154E-02 3.35510E-03-4.03994E-04 4.14763E-04
 -1       259 3.66599E-03 3.44716E-03-1.27496E-02 8.34380E-05 1.11157E-04-4.54918E-04
 -1       260 3.82723E-03 3.27743E-03-1.41107E-02-5.25313E-05 9.48916E-04-6.44483E-04
 -1       261 3.62334E-03 2.10233E-03-1.17136E-02-3.90810E-03 2.09796E-03 1.01831E-03
 -1       262 3.45527E-03 1.53290E-03-1.24627E-02-4.89071E-03 2.18131E-03 1.68480E-03
 -1       263 3.55640E-03 3.56760E-03-1.28310E-02 7.77300E-04 1.62135E-04 1.02167E-04
 -1       264 3.53487E-03 3.51127E-03-1.37837E-02 6.55089E-04 4.93832E-04 2.21276E-04
 -1       265 3.66625E-03 3.51676E-03-1.39807E-02-1.05940E-03-3.27126E-04 1.92695E-04
 -1       266 3.66770E-03 3.50263E-03-1.24186E-02-9.53752E-04-3.05981E-04 2.23008E-04
 -3
    1PSTEP                         3           1           1
  100CL  101 1.00000E+00         266                     0    1           1
 -4  STRESS      6    1
 -5  SXX         1    4    1    1
 -5  SYY         1    4    2    2
 -5  SZZ         1    4    3    3
 -5  SYZ         1    4    2    3
 -5  SZX         1    4    3    1
 -5  SXY         1    4    1    2
 -1         1-1.26371E+03-1.26371E+03-3.24953E+03 2.14430E+01-4.47128E+02-1.27629E-04
 -1         2-1.26213E+03-1.26213E+03-3.24548E+03 2.98029E+01 4.23896E+02-2.87070E-06
 -1         3-1.12807E+03-9.82796E+02-3.04620E+03-8.07371E+01-4.23202E+02 5.88478E+00
 -1         4-1.16475E+03-1.02032E+03-3.13949E+03-4.81534E+01 4.23360E+02 1.53332E-01
 -1         5-1.09306E+03-1.06205E+03-3.03280E+03-1.78783E+02-3.61462E+02-6.87239E+01
 -1         6-1.00580E+03-1.07249E+03-3.00725E+03-3.34716E+02-2.36319E+02-6.55276E+01
 -1         7-9.89863E+02-1.10162E+03-2.95482E+03-3.87224E+02 1.77995E+01 3.02618E+01
 -1         8-9.40559E+02-1.02718E+03-2.86432E+03-3.48220E+02 1.77252E+02 5.94525E+01
 -1         9-1.00247E+03-9.77653E+02-2.97435E+03-1.85341E+02 2.91255E+02 1.08306E+02
 -1        10-4.36042E+02-5.08473E+02-2.75401E+03 2.83354E+01 2.10118E+02 4.26107E+00
 -1        11-4.26355E+01-6.89203E+01-2.68033E+03 1.17030E+00-4.99609E+00 6.62052E+00
 -1        12 8.22973E+00 2.88399E+00-2.66806E+03 1.85890E+00-1.56894E+01 2.00923E+00
 -1        13 1.23724E+00 3.04254E+00-2.70454E+03 1.65340E+01-3.22407E+00 3.25761E+00
 -1        14-7.53077E+01-7.53273E+01-2.90034E+03 7.35305E-01 5.29285E+00 1.06761E+01
 -1        15 8.43212E+00 6.69602E+00-2.69372E+03-2.48571E+00 1.37109E+01-1.20297E+00
 -1        16-5.22947E+00-1.00156E+00-2.70620E+03-2.33488E+00 2.31511E+01-2.05346E+00
 -1        17-4.93318E+01-3.99407E+01-2.65881E+03-1.43389E+01-1.20039E+01-4.41355E+00
 -1        18-3.68177E+02-3.65011E+02-2.73242E+03 6.71665E+00-1.80623E+02 2.30917E+01
 -1        19-1.06193E+03-1.03324E+03-2.94373E+03 2.18726E+02 3.33161E+02-6.57965E+01
 -1        20-9.33329E+02-9.97222E+02-2.78905E+03 3.69105E+02 2.06630E+02-5.92671E+01
 -1        21-9.62806E+02-1.06260E+03-2.82283E+03 4.19048E+02 3.66441E+01-2.06132E+01
 -1        22-9.42822E+02-1.00574E+03-2.82483E+03 3.52140E+02-2.00684E+02 6.24229E+01
 -1        23-1.05852E+03-1.03056E+03-2.93622E+03 2.03301E+02-3.25919E+02 6.36334E+01
 -1        24-3.23173E+02-3.39487E+02-2.70344E+03 1.38463E+01 1.60532E+02-1.91607E+01
 -1        25-4.09738E+01-2.98420E+01-2.63323E+03-1.10689E+01 4.45212E+00 6.21703E+00
 -1        26-2.49424E+00 4.22066E+00-2.69437E+03-2.54543E+00-2.31814E+01 1.12852E+00
 -1        27 4.16902E+00 3.93051E+00-2.69050E+03-5.14439E-01-1.43756E+01 1.27933E+00
 -1        28-5.86739E+01-7.81360E+01-2.88440E+03-9.38065E+00 8.27542E+00-5.25166E+00
 -1        29 1.17249E+01 1.34095E+01-2.69847E+03 2.23277E+00 1.12619E+01 1.83910E+00
 -1        30 2.71541E+00 6.00943E+00-2.69864E+03 3.48009E+00 2.54692E+01 2.73984E+00
 -1        31-5.96353E+01-6.93574E+01-2.65460E+03 1.24735E+01 1.17811E+01 6.01437E+00
 -1        32-4.64322E+02-5.05291E+02-2.77596E+03 1.08355E+00-2.07346E+02 3.94387E-01
 -1        33-1.11929E+03-1.01324E+03-2.98986E+03-2.40325E+02-4.20022E+02-1.58544E+01
 -1        34-1.02856E+03-1.11833E+03-3.09223E+03-4.31438E+02-2.72994E+02-5.85045E+01
 -1        35-1.02856E+03-1.13872E+03-3.01589E+03-4.86405E+02 1.14548E+01 2.09762E+01
 -1        36-1.01084E+03-1.08845E+03-3.00563E+03-4.46879E+02 2.04338E+02 5.49894E+01
 -1        37-8.12866E+02-8.25611E+02-2.90172E+03-2.15379E+02 2.96723E+02-7.11455E+00
 -1        38-1.14408E+03-1.11193E+03-3.10622E+03 1.93142E+02 3.66005E+02-5.49155E+01
 -1        39-9.96473E+02-1.06882E+03-3.00182E+03 3.41004E+02 2.26671E+02-6.65946E+01
 -1        40-1.03764E+03-1.14921E+03-3.07521E+03 3.98798E+02 4.05777E+01-2.97671E+01
 -1        41-1.03822E+03-1.08025E+03-3.08917E+03 3.13957E+02-2.28015E+02 8.01732E+01
 -1        42-1.07753E+03-1.07898E+03-3.06505E+03 1.69503E+02-3.43271E+02 6.99207E+01
 -1        43-4.72663E+02-5.10172E+02-2.73691E+03-1.49857E+02-1.76570E+02-2.00263E+01
 -1        44-4.85428E+02-4.79925E+02-2.70865E+03-2.08598E+02 6.11048E+01 2.80969E+01
 -1        45-2.26506E+02-2.55538E+02-2.67842E+03-6.87040E+01 1.03873E+02 8.23663E+01
 -1        46 8.73154E+00 5.73111E+00-2.67243E+03 3.10127E+00-1.50332E+01 2.74975E+00
 -1        47 5.40283E+01 5.27526E+01-2.57239E+03-5.52592E+00 1.54845E+01 4.13503E+00
 -1        48-2.24781E+01-1.63281E+01-2.71520E+03-1.37147E+00 1.84811E+01 3.65890E-01
 -1        49-5.74290E+02-5.72582E+02-2.72906E+03 1.86259E+02 1.65360E+02-2.39494E+01
 -1        50-5.53358E+02-6.15114E+02-2.71018E+03 2.61363E+02 5.86148E+01-2.30075E+01
 -1        51-4.40681E+02-5.15552E+02-2.69097E+03 2.17487E+02-7.37117E+01 3.80150E+01
 -1        52-5.72005E+02-5.68539E+02-2.73631E+03 1.71478E+02-1.60969E+02 2.64667E+01
 -1        53-2.19728E+01-1.55926E+01-2.70480E+03 8.61674E-01-1.40356E+01-1.46156E+00
 -1        54 4.58604E+01 2.76888E+01-2.58805E+03 3.12432E+00 9.07043E+00-7.10790E+00
 -1        55 1.19521E+01 6.61964E+00-2.69950E+03 7.62293E+00 1.50381E+01-3.35060E+00
 -1        56-7.25384E+01-8.94891E+01-2.66200E+03-3.87292E+01-1.40437E+01-7.38027E+00
 -1        57-3.67760E+02-4.17457E+02-2.70212E+03-1.82275E+02-6.28435E+01 4.97783E+00
 -1        58-5.25306E+02-5.49947E+02-2.72821E+03-1.79803E+02 1.48925E+02 2.02564E+01
 -1        59-1.87460E+01-2.95155E+01-2.69721E+03-7.52365E+00-2.16021E+01 1.04636E+01
 -1        60-4.17100E+00-2.72302E+00-2.73607E+03-7.11927E-01-3.46553E+00 6.26001E-01
 -1        61 6.16148E+00 7.85453E+00-2.70392E+03-1.97098E+00 1.70399E+01-1.71108E+00
 -1        62-7.84357E+01-1.02699E+02-2.70954E+03 2.95819E+01-3.79305E+01-1.07070E+01
 -1        63-7.54575E+01-1.04155E+02-2.68744E+03 3.33966E+01 3.99213E+01 1.61317E+01
 -1        64 4.76704E+00 1.03828E+01-2.70116E+03-2.76827E-01-1.80046E+01-1.08126E+00
 -1        65-1.95897E+01-2.39948E+01-2.77417E+03 1.00676E+01 1.40127E+01-7.50156E+00
 -1        66-8.30389E+00-1.28224E+01-2.69142E+03 1.17071E+01 2.37684E+01-5.91174E+00
 -1        67-1.01164E+01-7.92736E+00-2.75691E+03-1.05093E+01-8.71369E-01 4.67493E+00
 -1        68-3.84978E+01-5.26492E+01-2.72100E+03 1.47304E+00 1.20256E+01 6.71372E+00
 -1        69-5.27638E+01-6.41342E+01-2.73686E+03-1.93461E+01 6.78879E+00 1.43935E+01
 -1        70 1.97186E+01 7.68904E+00-2.64583E+03 9.98532E+00 8.59695E+00 1.35957E+00
 -1        71 1.01049E+01 3.58836E+00-2.69308E+03 1.26124E+01 1.37328E+01-3.26356E+00
 -1        72-1.21471E+01-1.42057E+01-2.73453E+03-6.96084E+00-5.80989E+00-3.65633E+00
 -1        73-9.14890E+01-7.60453E+01-2.73909E+03 4.53492E+01 3.19147E+01 7.42945E+00
 -1        74-4.91357E+01-5.02627E+01-2.70135E+03-9.91639E+00-7.90839E+00-3.68722E+00
 -1        75-9.64082E+01-7.16060E+01-2.75652E+03 4.01061E+01 9.19077E+00-9.14488E-01
 -1        76-7.88437E+01-6.60693E+01-2.74453E+03 2.92015E+01-1.66675E+01-1.71205E+00
 -1        77-2.41076E+02-2.41707E+02-3.34546E+03 2.67782E+01 1.00914E+01-8.04001E+00
 -1        78 1.07099E+01 1.26310E+00-2.72307E+03 4.19713E+00-1.21775E+01-1.23206E+01
 -1        79 1.14240E+01 8.98868E+00-2.68874E+03 7.12082E+00-6.21553E+00 3.03034E+00
 -1        80 1.35041E+01 7.42568E+00-2.69167E+03 1.43136E+01 5.16415E+00-4.31823E+00
 -1        81 1.11631E+01 1.50490E+00-2.67324E+03 4.22069E+00-1.45374E+01 3.25045E+00
 -1        82-1.94088E+00-3.53704E+00-2.72107E+03-8.58518E+00 1.42750E+01 5.98446E-01
 -1        83 6.67085E+00 2.16498E+00-2.70155E+03 1.68065E+01 7.85248E+00-2.80447E+00
 -1        84 6.76736E+01 4.24145E+01-2.50327E+03-1.47951E+01 2.78298E+00 5.89896E-01
 -1        85-1.27448E+01-1.77681E+01-2.74271E+03-1.30364E+01 3.17591E+00-9.76998E-01
 -1        86 1.30841E+01 2.52591E+00-2.68445E+03 1.95305E+01-3.41974E+00 4.85951E+00
 -1        87-2.80211E+01-3.11808E+01-2.81412E+03-1.65805E+01 1.02021E+01-1.21657E+00
 -1        88 1.17926E+01 1.06538E+01-2.67807E+03 5.53667E+00-9.39420E-01-1.59081E+00
 -1        89 4.70225E+01 5.01364E+01-2.58102E+03-3.08382E+00 5.31301E+00-3.63777E+00
 -1        90 6.55958E+00 5.01598E+00-2.71530E+03-1.43526E+01-1.47000E-01 1.53464E-01
 -1        91 3.96524E+01 2.33957E+01-2.59104E+03-8.73011E+00 1.21523E+01-3.96337E+00
 -1        92-6.01389E+02-5.59669E+02-2.82171E+03-2.55490E+02-2.59188E+02-9.77618E+00
 -1        93-3.97735E+02-4.25849E+02-2.74334E+03-2.54346E+02-6.01962E+01 2.16036E+01
 -1        94-4.68657E+02-4.41320E+02-2.72319E+03-2.51153E+02 6.01081E+01 7.89771E-01
 -1        95-4.36692E+02-3.98844E+02-2.71531E+03-2.02088E+02 1.59440E+02-1.77843E+01
 -1        96-3.81186E+02-4.17272E+02-2.74229E+03-9.60489E+01 2.18553E+02 4.67642E+00
 -1        97-1.40310E+02-2.40251E+02-2.63324E+03 4.56464E+01 8.68305E+01 5.32289E+01
 -1        98-1.82694E+01-3.01200E+01-2.71431E+03-1.88852E+00-1.42853E+01-1.58674E+00
 -1        99 6.97001E+00 8.00055E+00-2.70018E+03-4.95492E+00-7.04547E+00-3.48498E+00
 -1       100-6.11421E+00 3.82993E+00-2.74085E+03 2.80592E+01 4.35047E+01 3.05301E+00
 -1       101-1.56629E+02-1.56393E+02-3.10007E+03-2.81557E+01 1.04243E+02-1.11321E-01
 -1       102 1.04010E+01 8.45957E+00-2.68411E+03 6.17010E+00 1.42671E+01-1.70547E+00
 -1       103-1.97945E+01-1.54707E+01-2.69682E+03 1.33937E+00 1.49441E+01-5.92510E+00
 -1       104-7.04029E+01-7.98154E+01-2.68700E+03-4.32509E+01-4.25835E+01 4.88782E-01
 -1       105-5.83132E+02-6.36012E+02-2.84714E+03 1.95463E+02 2.28176E+02-9.61540E+00
 -1       106-3.76291E+02-4.30481E+02-2.75109E+03 1.87630E+02-5.96114E+01 3.95053E+00
 -1       107-6.97000E+01-6.90170E+01-2.64532E+03-4.41408E+01 2.57981E+01-1.54719E+00
 -1       108-8.19902E+00-5.34157E+00-2.67868E+03-3.84722E+00-2.24713E+01 2.57417E+00
 -1       109 1.14661E+01 1.92361E+01-2.67239E+03-1.12109E+01-1.87711E+01 4.05936E+00
 -1       110 9.22798E+01 6.44254E+01-2.45504E+03 7.29861E-01-1.36452E+00-4.59754E+00
 -1       111-5.51361E+00-1.42302E+01-2.72594E+03-1.15299E+00 1.48057E+01 1.04010E+01
 -1       112 9.65220E+00 1.21933E+01-2.66620E+03 7.55861E-01 1.47110E+01 8.38349E+00
 -1       113-2.65679E+01-2.49701E+01-2.69667E+03-3.66214E-01 1.08820E+01 1.71071E+01
 -1       114-4.22299E+02-4.67508E+02-2.75756E+03 1.18293E+02-1.47517E+02 2.61766E+01
 -1       115-5.02866E+02-4.97426E+02-2.76992E+03 2.32416E+02 6.49448E+01-2.38379E+01
 -1       116-5.03881E+02-4.81067E+02-2.75802E+03-1.10342E+02-2.33216E+02 3.53466E+01
 -1       117-8.47471E+01-6.86761E+01-2.66949E+03-6.19443E+01 2.51351E+01 6.06187E+00
 -1       118-1.31044E+02-1.25337E+02-2.70310E+03-7.95230E+01 3.85597E+01-2.22398E+01
 -1       119-8.04265E+01-8.70667E+01-2.65708E+03-4.88341E+01 3.60573E+01-2.45918E+00
 -1       120 1.13379E+01-2.34336E+00-2.67625E+03-8.52341E+00-4.44556E+00-4.44846E+00
 -1       121-3.85687E+01-1.25896E+02-2.74116E+03-3.10144E+02 2.13871E+02 3.20220E+01
 -1       122-7.34618E+02-8.55214E+02-4.47764E+03-3.45726E+02 2.60660E+02 4.41372E+01
 -1       123 1.15222E+01 7.26141E-01-2.67842E+03 1.24722E+01 2.43551E+00-2.04684E+00
 -1       124-8.62099E-01-5.59848E+00-2.69715E+03 1.78775E+01 1.37757E+01-4.54497E+00
 -1       125-8.18504E+01-6.55352E+01-2.63175E+03-5.93641E+01-3.71047E+01 2.88238E+01
 -1       126-5.09579E+01-6.24149E+01-2.69067E+03 1.57920E+01 9.86423E+00-6.78616E+00
 -1       127-4.70435E+01-5.07047E+01-2.68379E+03 1.34925E+00-7.07063E+00 5.09788E+00
 -1       128-5.25244E+01-6.18427E+01-2.66080E+03 5.26728E+01 2.62659E+01 4.27443E+00
 -1       129-5.52464E+00-1.32430E+01-2.67109E+03 2.43220E+00-1.22592E+01 5.68927E+00
 -1       130 1.62705E+01 1.77523E+01-2.63954E+03 5.94716E-01-4.75586E+00 9.70898E-01
 -1       131-3.74838E+01-4.57401E+01-2.83885E+03-2.50933E+01-6.85991E+00 8.84178E+00
 -1       132 5.21208E+01 8.37743E+01-2.38255E+03-8.09910E+00-1.25236E+01 7.50806E-01
 -1       133 1.14053E+01 8.89821E+00-2.65935E+03 1.86909E+00 4.59454E+00 3.67488E+00
 -1       134 1.50221E+01 5.99785E+00-2.63080E+03-5.96615E+00 7.36040E+00 7.20005E+00
 -1       135-1.74510E+01-4.84718E+01-2.65739E+03-3.99910E+00 5.48153E+00 7.82449E+00
 -1       136 8.63069E+00 1.67219E+00-2.68690E+03-1.20706E+01-5.78054E+00-1.83520E+00
 -1       137 2.00261E+01 2.77055E+01-2.56631E+03 4.06702E+01-3.23179E+01 1.24877E+01
 -1       138 7.13675E+00-1.52073E+01-2.63215E+03 8.63424E+01 2.57477E+01 3.11110E+01
 -1       139 1.34550E+01 4.37574E+00-2.68159E+03 1.81104E+01 6.34299E+00-1.18290E+00
 -1       140-9.57084E+00-2.40758E+01-2.69282E+03 1.64465E+01 1.08502E+01 2.35785E-01
 -1       141 7.44485E+00-3.52638E+00-2.64197E+03-9.16859E+00-2.56265E+00 9.02307E-01
 -1       142 4.64242E+00-4.52725E+00-2.69497E+03 2.03834E+01 1.39256E+00 1.95532E+00
 -1       143 2.71801E+01 2.45624E+01-2.63587E+03 2.69360E+01-1.12130E+01 8.24027E+00
 -1       144-3.55812E+02-2.28161E+02-3.36916E+03 1.92826E+02-5.16704E+01 5.14176E+01
 -1       145 5.04199E+00 1.14746E+01-2.66234E+03 9.46729E+00 2.63923E+01 6.37657E+00
 -1       146 1.14058E+01-1.59191E+00-2.65326E+03-8.25925E+00-3.81182E+00-3.77016E-01
 -1       147-6.91569E+02-7.48075E+02-2.83731E+03-6.49180E+00 1.96021E+02 3.35692E+01
 -1       148-7.23696E+02-7.15014E+02-2.84407E+03 1.74512E+02 1.26347E+02 3.50124E+01
 -1       149-8.16627E+02-8.31905E+02-2.87933E+03 1.96293E+02-8.90233E+01-9.12190E+00
 -1       150-7.91145E+02-8.40750E+02-2.86764E+03 1.02096E+00-2.22390E+02-7.91125E-01
 -1       151-8.00053E+02-8.09321E+02-2.81818E+03-2.07230E+02-9.68711E+01 1.50619E+01
 -1       152-8.88575E+02-8.62264E+02-2.80659E+03-2.15680E+02 1.03953E+02-1.58160E+01
 -1       153-1.15398E+03-1.15398E+03-2.96737E+03-2.17885E+00-1.26491E+01-8.77043E-06
 -1       154-8.33137E+02-8.06708E+02-2.84681E+03 1.78811E+01-2.47773E+02 2.02339E+01
 -1       155-7.01233E+02-6.92003E+02-2.83021E+03-2.24262E+02-1.24062E+02 2.63504E+01
 -1       156-8.41644E+02-7.86235E+02-2.83227E+03-2.37078E+02 1.20653E+02-3.21059E+01
 -1       157-7.52459E+02-7.76319E+02-2.83488E+03 1.25888E+01 2.29549E+02-1.00862E+01
 -1       158-9.79962E+02-1.02724E+03-2.81096E+03 3.66919E+02 2.10156E+02-4.46129E+01
 -1       159-8.87974E+02-1.00335E+03-2.80053E+03 3.66926E+02-1.35732E+02 4.11981E+01
 -1       160-7.96064E+02-7.69507E+02-2.77474E+03 1.47635E+02-3.09500E-01 8.02891E+00
 -1       161-2.19403E+02-2.26346E+02-2.68524E+03-4.47771E+00-3.57965E-03 2.00357E+00
 -1       162 2.43570E+00-2.01095E+00-2.71098E+03 8.78272E+00-1.79618E+00 9.73307E-02
 -1       163 2.45287E+00-3.76534E+00-2.69279E+03-9.50868E+00 2.86556E+00 2.74844E-01
 -1       164-1.48374E+02-1.40418E+02-2.69426E+03-1.51631E+01 4.58853E+00-7.88451E-01
 -1       165-6.69372E-01-6.38676E+00-2.71018E+03-9.15271E-01 5.44441E+00-8.50092E-01
 -1       166-9.68920E+00-1.76571E+01-2.73967E+03 2.58137E+00 2.63926E+00-3.32180E+00
 -1       167-8.99578E+01-8.12522E+01-2.87666E+03-1.60015E+01 4.53425E+00 1.02364E+01
 -1       168-2.45556E+02-2.74810E+02-2.64792E+03-1.07588E+02 1.13850E+02-3.71539E+01
 -1       169 1.12489E+02 8.66837E+01-2.37132E+03-5.26510E+00 5.98787E+01-1.82895E+01
 -1       170 1.34154E+02 1.22229E+02-2.32843E+03-3.74978E+01 9.56126E+01-2.90480E+01
 -1       171-5.40659E+01-8.11290E+01-2.86547E+03 8.10751E+00 2.22279E+01-2.46821E+01
 -1       172 6.51252E+01 4.07527E+01-2.57512E+03 2.00947E+01 2.91496E+01-3.23447E+01
 -1       173 1.62253E+02 1.36017E+02-2.23190E+03-3.49890E+01-2.00579E+01-6.82250E+00
 -1       174 5.82225E+01 3.95218E+01-2.51177E+03 7.91894E+00 5.08330E+00-6.03384E+00
 -1       175 1.25147E+02 1.27643E+02-2.37699E+03-5.35693E+01-1.89296E+01 8.51144E+00
 -1       176 6.78811E+01 7.07527E+01-2.54308E+03-4.25193E+01-1.83790E+01 1.32916E+01
 -1       177-9.72336E+00-1.94347E+01-2.74161E+03-4.03250E+01-3.03533E+01 6.72364E+00
 -1       178 8.63405E+01 7.78139E+01-2.49024E+03-2.88794E+01-6.18494E+00 9.64131E+00
 -1       179 3.20903E+01 1.96057E+01-2.58300E+03 2.13845E+01 2.08061E+00 1.26391E+00
 -1       180 8.77763E+01 7.52918E+01-2.43981E+03-8.18659E+00 2.09332E+01 1.26396E+00
 -1       181-4.57002E+01-5.94141E+01-2.84654E+03-2.57586E+01-1.33609E+01 1.39606E+00
 -1       182 5.66206E+01 4.19515E+01-2.59373E+03-1.59729E+01 1.73500E+01 6.95591E-01
 -1       183-1.50587E+01-6.69638E+00-2.75785E+03-4.32567E+01-2.91942E+01 4.30904E+00
 -1       184 1.17629E+02 1.23842E+02-2.41067E+03-3.95218E+01 3.68053E-01 7.89953E+00
 -1       185 2.24755E+01 2.30603E+01-2.66609E+03-1.57102E+00 1.48268E+01-1.01846E+00
 -1       186 2.74628E+01 2.80475E+01-2.65326E+03-8.63107E+00 3.42994E+01-1.01846E+00
 -1       187 3.35181E+01 3.25399E+01-2.62603E+03-4.44400E+01-3.99283E+01-3.32605E-01
 -1       188-1.46046E+02-1.46159E+02-3.09956E+03-8.69390E+01-5.57330E+01 1.93273E+00
 -1       189-8.03729E+01-7.56308E+01-2.90743E+03-3.90931E+01-5.64457E+01-1.66065E+00
 -1       190-4.12272E+01-3.09461E+01-2.79696E+03-7.49260E+01-7.01648E+01-1.32133E+00
 -1       191-7.84793E+01-6.43475E+01-2.93919E+03-2.68546E+01 2.77388E+01-1.42282E+01
 -1       192-4.87639E+01-3.42168E+01-2.80876E+03-3.22024E+01 3.82776E+01 3.78021E+00
 -1       193 8.42891E+01 4.94910E+01-2.36096E+03-4.47859E+01 2.18211E+01 2.77641E+01
 -1       194-3.22147E+01-8.69452E+01-2.67398E+03-4.65332E+01 3.27188E+01 3.61258E+01
 -1       195-3.88844E+01-4.68011E+01-2.82457E+03-1.26156E+01-4.41845E+00 4.59507E+00
 -1       196-2.00878E+01-3.03668E+01-2.78166E+03-3.37488E+01-1.32190E+01 8.03258E+00
 -1       197-1.30299E+03-1.05582E+03-5.45998E+03 2.06799E+02-1.28803E+02 5.20709E+01
 -1       198-1.87429E+03-1.46317E+03-6.71947E+03 5.97682E+02-1.01160E+02 1.14253E+02
 -1       199-1.08296E+03-7.66564E+02-4.76824E+03 4.25092E+02-1.60349E+02 6.34476E+01
 -1       200-9.73866E+02-7.12881E+02-4.88509E+03 7.23558E+02 1.16124E+02 1.12868E+02
 -1       201-6.65179E+02-5.30131E+02-4.11509E+03 1.68378E+02-1.67640E+02 3.62021E+01
 -1       202-2.73110E+02-1.29393E+02-3.13225E+03 3.04366E+02-1.30424E+01 5.43366E+01
 -1       203 1.60779E+02 1.32811E+02-2.35228E+03-2.95634E+01-5.43163E+01 1.82128E+01
 -1       204-6.34221E+01-9.46960E+01-2.94956E+03-7.83001E+01-1.14667E+02 2.70602E+01
 -1       205 5.12823E+01 4.49163E+01-2.60446E+03-3.96868E+01 1.29167E+01-2.97815E+00
 -1       206 4.12224E+00-4.15654E+00-2.71841E+03-1.65636E+01 1.03041E+01-8.60343E-01
 -1       207-3.20758E+01-4.32597E+01-2.77713E+03 4.76046E+01-9.24423E-01 9.58769E+00
 -1       208-3.34987E+01-5.38646E+01-2.75518E+03 1.72300E+01 3.44365E+01 1.61483E+01
 -1       209-2.24622E+01-2.42628E+01-2.78114E+03 7.18336E+00 1.41109E+00 1.22911E+01
 -1       210-2.13704E+02-2.14134E+02-3.28082E+03-9.54357E+00-3.28426E+00 1.70520E+01
 -1       211-1.44478E+02-1.24586E+02-3.08931E+03-4.19385E+01 1.33022E+01-3.43374E+00
 -1       212-1.09555E+01 8.08399E+00-2.75199E+03-1.11088E+01 7.07034E+00-1.78430E+00
 -1       213-5.84312E+02-7.28524E+02-4.01325E+03-3.03927E+02 2.91152E+02 6.44301E+01
 -1       214-3.08775E+01-1.55474E+02-2.62291E+03-3.21435E+02 2.97962E+02 5.50323E+01
 -1       215 7.60874E+00 1.25483E+01-2.68197E+03 1.47691E+02 1.78766E+02-4.71745E+00
 -1       216-2.72184E+01-2.07895E+01-2.77041E+03 9.83161E+01 1.27628E+02-4.53480E+00
 -1       217-5.77301E+01-1.95363E+01-2.92730E+03-2.97441E+01-8.03433E+00 1.92439E+01
 -1       218-1.85828E+02-1.47634E+02-3.25669E+03-7.75459E+01-3.74842E+01 1.92439E+01
 -1       219-6.65721E+01-1.11219E+02-2.88859E+03-8.83057E+00-5.14663E+00-5.27607E-02
 -1       220 3.74891E+01-2.86832E+01-2.66460E+03 5.34797E+00-3.10183E+01-5.44200E+00
 -1       221-4.66748E+01-9.37666E+01-2.84091E+03 2.66421E+00 3.87842E+01-2.48803E+01
 -1       222 7.78518E+01 4.17742E+01-2.54889E+03 9.81110E+00 3.49578E+01-2.02337E+01
 -1       223-6.44214E+01-9.84116E+01-2.85360E+03 6.98977E+01 3.74048E+01-2.68962E+01
 -1       224 1.50096E+02 1.10360E+02-2.32170E+03 5.80905E+01 1.55983E+01-3.10501E+01
 -1       225-4.94139E+01-7.11717E+01-2.79182E+03 1.35879E+00 2.65662E+01 1.01573E+00
 -1       226 2.26852E+01-1.42523E+01-2.56456E+03-2.87827E+01 2.50828E+01 1.21955E+01
 -1       227-1.56494E+00-7.59941E+00-2.72330E+03 1.16479E+01 2.90550E+00-7.12641E+00
 -1       228-3.53424E+02-3.57434E+02-3.63791E+03 2.96651E+01 9.92352E+00-1.10146E+01
 -1       229-1.05880E+01-1.64136E+00-2.80533E+03 2.49055E+01 2.48845E+01-2.53574E+01
 -1       230-1.87795E+02-1.85021E+02-3.26536E+03 2.35940E+01 2.41562E+01-2.79774E+01
 -1       231 2.28930E+01 3.61463E+00-2.64225E+03 1.41204E+00 7.45766E-01-7.99160E+00
 -1       232 2.78979E+01 8.61970E+00-2.62938E+03-3.41822E+00-1.55853E+01-7.99150E+00
 -1       233 3.16697E+00 1.26670E+01-2.69714E+03 1.77653E+00 1.14025E+01 3.38474E+00
 -1       234-2.84441E+02-2.73591E+02-3.44730E+03-7.56382E+00 2.21922E+01 6.59108E+00
 -1       235 2.58031E+01 2.77029E+01-2.63717E+03 1.87190E+01-8.61611E+00-5.31447E+00
 -1       236-5.15091E+02-5.11845E+02-4.02051E+03 3.71367E+01 6.72493E+00-3.95965E+00
 -1       237-1.05453E+02-1.09064E+02-2.97848E+03 4.74463E+01-3.16125E+00 1.40560E+01
 -1       238-3.18010E+02-3.22771E+02-3.51852E+03 5.99840E+01-3.26182E-01 3.07347E+01
 -1       239-1.54060E+00 5.36459E+00-2.75436E+03 1.32798E+01 9.42234E+00-1.37854E+01
 -1       240-4.97627E+02-4.74149E+02-4.06426E+03 5.42599E+00 3.45693E+01-2.36081E+01
 -1       241-5.10693E+01-8.74443E+01-2.71134E+03-4.65847E+02 5.86392E+02 4.73081E+01
 -1       242-1.35889E+03-1.45317E+03-5.95809E+03-4.16232E+02 6.89875E+02 8.28915E+01
 -1       243-2.65061E+02-6.16486E+02-2.91383E+03-9.63338E+02 8.83075E+02 2.09264E+02
 -1       244-1.85225E+03-2.20367E+03-6.99517E+03-9.77650E+02 7.18009E+02 2.09264E+02
 -1       245 9.11066E+01 8.17624E+01-2.40959E+03-7.85532E+00-7.42782E+01 6.11385E+00
 -1       246 1.56419E+02 1.70969E+02-2.13746E+03-4.19698E+01-8.53857E+01 2.51304E+00
 -1       247-5.21219E+02-3.60923E+02-3.62521E+03 8.92447E+01-6.98638E+01 2.81273E+01
 -1       248-6.55020E+02-4.15218E+02-3.75622E+03 1.03399E+02-2.95624E+02 3.41774E+01
 -1       249 8.67081E+01 4.07081E+01-2.41490E+03 1.54920E+01 4.61503E+01-4.09666E+00
 -1       250 5.81034E+00-3.12043E+01-2.68205E+03-2.78195E+01-2.50934E+01 8.35152E+00
 -1       251-7.64915E+00-3.98660E+01-2.71294E+03 9.69681E-01 1.47368E+01 6.04629E+00
 -1       252 1.23813E+02 6.81482E+01-2.35033E+03 3.02682E+01 7.96563E+00-2.73130E+00
 -1       253-2.01609E+02-2.53535E+02-3.26589E+03-1.17917E+02-1.80543E+01-1.15174E+01
 -1       254 9.51907E+01 5.18605E+01-2.44872E+03-1.58443E+01-3.50718E+00-2.52581E+01
 -1       255-6.46816E+00-4.67104E+01-2.65320E+03-8.52233E-01 4.58253E+01 2.81124E+00
 -1       256 1.90320E+02 1.45933E+02-2.14906E+03-6.70460E+01 7.36764E+00 4.36894E+00
 -1       257-2.70120E+01 6.25078E+00-2.80940E+03 2.16304E+02-1.41009E+01 2.38285E+01
 -1       258 9.34662E+01 1.37476E+02-2.50056E+03 2.75223E+02-3.31401E+01 3.40235E+01
 -1       259 1.29838E+01-2.29171E+01-2.68020E+03 6.84453E+00 9.11836E+00-3.73175E+01
 -1       260-1.03553E+02-1.93754E+02-3.04650E+03-4.30921E+00 7.78408E+01-5.28677E+01
 -1       261-3.07005E+01-2.80243E+02-2.54691E+03-3.20586E+02 1.72098E+02 8.35329E+01
 -1       262-2.13488E+02-5.28875E+02-2.82503E+03-4.01191E+02 1.78936E+02 1.38206E+02
 -1       263-1.23617E+01-1.05244E+01-2.70092E+03 6.37629E+01 1.33001E+01 8.38087E+00
 -1       264-1.23484E+02-1.27357E+02-2.96481E+03 5.37378E+01 4.05097E+01 1.81515E+01
 -1       265-1.08205E+02-1.32730E+02-3.00340E+03-8.69041E+01-2.68345E+01 1.58070E+01
 -1       266 5.37939E+01 2.67118E+01-2.58537E+03-7.82375E+01-2.51000E+01 1.82937E+01
 -3
    1PSTEP                         4           1           1
  100CL  101 1.00000E+00         266                     0    1           1
 -4  STRPOS      6    1
 -5  SXX         1    4    1    1
 -5  SYY         1    4    2    2
 -5  SZZ         1    4    3    3
 -5  SYZ         1    4    2    3
 -5  SZX         1    4    3    1
 -5  SXY         1    4    1    2
 -1         1-1.26371E+03-1.26371E+03-3.24953E+03 2.14430E+01-4.47128E+02-1.27629E-04
 -1         2-1.26213E+03-1.26213E+03-3.24548E+03 2.98029E+01 4.23896E+02-2.87070E-06
 -1         3-1.12807E+03-9.82796E+02-3.04620E+03-8.07371E+01-4.23202E+02 5.88478E+00
 -1         4-1.16475E+03-1.02032E+03-3.13949E+03-4.81534E+01 4.23360E+02 1.53332E-01
 -1         5-1.09306E+03-1.06205E+03-3.03280E+03-1.78783E+02-3.61462E+02-6.87239E+01
 -1         6-1.00580E+03-1.07249E+03-3.00725E+03-3.34716E+02-2.36319E+02-6.55276E+01
 -1         7-9.89863E+02-1.10162E+03-2.95482E+03-3.87224E+02 1.77995E+01 3.02618E+01
 -1         8-9.40559E+02-1.02718E+03-2.86432E+03-3.48220E+02 1.77252E+02 5.94525E+01
 -1         9-1.00247E+03-9.77653E+02-2.97435E+03-1.85341E+02 2.91255E+02 1.08306E+02
 -1        10-4.36042E+02-5.08473E+02-2.75401E+03 2.83354E+01 2.10118E+02 4.26107E+00
 -1        11-4.26355E+01-6.89203E+01-2.68033E+03 1.17030E+00-4.99609E+00 6.62052E+00
 -1        12 8.22973E+00 2.88399E+00-2.66806E+03 1.85890E+00-1.56894E+01 2.00923E+00
 -1        13 1.23724E+00 3.04254E+00-2.70454E+03 1.65340E+01-3.22407E+00 3.25761E+00
 -1        14-7.53077E+01-7.53273E+01-2.90034E+03 7.35305E-01 5.29285E+00 1.06761E+01
 -1        15 8.43212E+00 6.69602E+00-2.69372E+03-2.48571E+00 1.37109E+01-1.20297E+00
 -1        16-5.22947E+00-1.00156E+00-2.70620E+03-2.33488E+00 2.31511E+01-2.05346E+00
 -1        17-4.93318E+01-3.99407E+01-2.65881E+03-1.43389E+01-1.20039E+01-4.41355E+00
 -1        18-3.68177E+02-3.65011E+02-2.73242E+03 6.71665E+00-1.80623E+02 2.30917E+01
 -1        19-1.06193E+03-1.03324E+03-2.94373E+03 2.18726E+02 3.33161E+02-6.57965E+01
 -1        20-9.33329E+02-9.97222E+02-2.78905E+03 3.69105E+02 2.06630E+02-5.92671E+01
 -1        21-9.62806E+02-1.06260E+03-2.82283E+03 4.19048E+02 3.66441E+01-2.06132E+01
 -1        22-9.42822E+02-1.00574E+03-2.82483E+03 3.52140E+02-2.00684E+02 6.24229E+01
 -1        23-1.05852E+03-1.03056E+03-2.93622E+03 2.03301E+02-3.25919E+02 6.36334E+01
 -1        24-3.23173E+02-3.39487E+02-2.70344E+03 1.38463E+01 1.60532E+02-1.91607E+01
 -1        25-4.09738E+01-2.98420E+01-2.63323E+03-1.10689E+01 4.45212E+00 6.21703E+00
 -1        26-2.49424E+00 4.22066E+00-2.69437E+03-2.54543E+00-2.31814E+01 1.12852E+00
 -1        27 4.16902E+00 3.93051E+00-2.69050E+03-5.14439E-01-1.43756E+01 1.27933E+00
 -1        28-5.86739E+01-7.81360E+01-2.88440E+03-9.38065E+00 8.27542E+00-5.25166E+00
 -1        29 1.17249E+01 1.34095E+01-2.69847E+03 2.23277E+00 1.12619E+01 1.83910E+00
 -1        30 2.71541E+00 6.00943E+00-2.69864E+03 3.48009E+00 2.54692E+01 2.73984E+00
 -1        31-5.96353E+01-6.93574E+01-2.65460E+03 1.24735E+01 1.17811E+01 6.01437E+00
 -1        32-4.64322E+02-5.05291E+02-2.77596E+03 1.08355E+00-2.07346E+02 3.94387E-01
 -1        33-1.11929E+03-1.01324E+03-2.98986E+03-2.40325E+02-4.20022E+02-1.58544E+01
 -1        34-1.02856E+03-1.11833E+03-3.09223E+03-4.31438E+02-2.72994E+02-5.85045E+01
 -1        35-1.02856E+03-1.13872E+03-3.01589E+03-4.86405E+02 1.14548E+01 2.09762E+01
 -1        36-1.01084E+03-1.08845E+03-3.00563E+03-4.46879E+02 2.04338E+02 5.49894E+01
 -1        37-8.12866E+02-8.25611E+02-2.90172E+03-2.15379E+02 2.96723E+02-7.11455E+00
 -1        38-1.14408E+03-1.11193E+03-3.10622E+03 1.93142E+02 3.66005E+02-5.49155E+01
 -1        39-9.96473E+02-1.06882E+03-3.00182E+03 3.41004E+02 2.26671E+02-6.65946E+01
 -1        40-1.03764E+03-1.14921E+03-3.07521E+03 3.98798E+02 4.05777E+01-2.97671E+01
 -1        41-1.03822E+03-1.08025E+03-3.08917E+03 3.13957E+02-2.28015E+02 8.01732E+01
 -1        42-1.07753E+03-1.07898E+03-3.06505E+03 1.69503E+02-3.43271E+02 6.99207E+01
 -1        43-4.72663E+02-5.10172E+02-2.73691E+03-1.49857E+02-1.76570E+02-2.00263E+01
 -1        44-4.85428E+02-4.79925E+02-2.70865E+03-2.08598E+02 6.11048E+01 2.80969E+01
 -1        45-2.26506E+02-2.55538E+02-2.67842E+03-6.87040E+01 1.03873E+02 8.23663E+01
 -1        46 8.73154E+00 5.73111E+00-2.67243E+03 3.10127E+00-1.50332E+01 2.74975E+00
 -1        47 5.40283E+01 5.27526E+01-2.57239E+03-5.52592E+00 1.54845E+01 4.13503E+00
 -1        48-2.24781E+01-1.63281E+01-2.71520E+03-1.37147E+00 1.84811E+01 3.65890E-01
 -1        49-5.74290E+02-5.72582E+02-2.72906E+03 1.86259E+02 1.65360E+02-2.39494E+01
 -1        50-5.53358E+02-6.15114E+02-2.71018E+03 2.61363E+02 5.86148E+01-2.30075E+01
 -1        51-4.40681E+02-5.15552E+02-2.69097E+03 2.17487E+02-7.37117E+01 3.80150E+01
 -1        52-5.72005E+02-5.68539E+02-2.73631E+03 1.71478E+02-1.60969E+02 2.64667E+01
 -1        53-2.19728E+01-1.55926E+01-2.70480E+03 8.61674E-01-1.40356E+01-1.46156E+00
 -1        54 4.58604E+01 2.76888E+01-2.58805E+03 3.12432E+00 9.07043E+00-7.10790E+00
 -1        55 1.19521E+01 6.61964E+00-2.69950E+03 7.62293E+00 1.50381E+01-3.35060E+00
 -1        56-7.25384E+01-8.94891E+01-2.66200E+03-3.87292E+01-1.40437E+01-7.38027E+00
 -1        57-3.67760E+02-4.17457E+02-2.70212E+03-1.82275E+02-6.28435E+01 4.97783E+00
 -1        58-5.25306E+02-5.49947E+02-2.72821E+03-1.79803E+02 1.48925E+02 2.02564E+01
 -1        59-1.87460E+01-2.95155E+01-2.69721E+03-7.52365E+00-2.16021E+01 1.04636E+01
 -1        60-4.17100E+00-2.72302E+00-2.73607E+03-7.11927E-01-3.46553E+00 6.26001E-01
 -1        61 6.16148E+00 7.85453E+00-2.70392E+03-1.97098E+00 1.70399E+01-1.71108E+00
 -1        62-7.84357E+01-1.02699E+02-2.70954E+03 2.95819E+01-3.79305E+01-1.07070E+01
 -1        63-7.54575E+01-1.04155E+02-2.68744E+03 3.33966E+01 3.99213E+01 1.61317E+01
 -1        64 4.76704E+00 1.03828E+01-2.70116E+03-2.76827E-01-1.80046E+01-1.08126E+00
 -1        65-1.95897E+01-2.39948E+01-2.77417E+03 1.00676E+01 1.40127E+01-7.50156E+00
 -1        66-8.30389E+00-1.28224E+01-2.69142E+03 1.17071E+01 2.37684E+01-5.91174E+00
 -1        67-1.01164E+01-7.92736E+00-2.75691E+03-1.05093E+01-8.71369E-01 4.67493E+00
 -1        68-3.84978E+01-5.26492E+01-2.72100E+03 1.47304E+00 1.20256E+01 6.71372E+00
 -1        69-5.27638E+01-6.41342E+01-2.73686E+03-1.93461E+01 6.78879E+00 1.43935E+01
 -1        70 1.97186E+01 7.68904E+00-2.64583E+03 9.98532E+00 8.59695E+00 1.35957E+00
 -1        71 1.01049E+01 3.58836E+00-2.69308E+03 1.26124E+01 1.37328E+01-3.26356E+00
 -1        72-1.21471E+01-1.42057E+01-2.73453E+03-6.96084E+00-5.80989E+00-3.65633E+00
 -1        73-9.14890E+01-7.60453E+01-2.73909E+03 4.53492E+01 3.19147E+01 7.42945E+00
 -1        74-4.91357E+01-5.02627E+01-2.70135E+03-9.91639E+00-7.90839E+00-3.68722E+00
 -1        75-9.64082E+01-7.16060E+01-2.75652E+03 4.01061E+01 9.19077E+00-9.14488E-01
 -1        76-7.88437E+01-6.60693E+01-2.74453E+03 2.92015E+01-1.66675E+01-1.71205E+00
 -1        77-2.41076E+02-2.41707E+02-3.34546E+03 2.67782E+01 1.00914E+01-8.04001E+00
 -1        78 1.07099E+01 1.26310E+00-2.72307E+03 4.19713E+00-1.21775E+01-1.23206E+01
 -1        79 1.14240E+01 8.98868E+00-2.68874E+03 7.12082E+00-6.21553E+00 3.03034E+00
 -1        80 1.35041E+01 7.42568E+00-2.69167E+03 1.43136E+01 5.16415E+00-4.31823E+00
 -1        81 1.11631E+01 1.50490E+00-2.67324E+03 4.22069E+00-1.45374E+01 3.25045E+00
 -1        82-1.94088E+00-3.53704E+00-2.72107E+03-8.58518E+00 1.42750E+01 5.98446E-01
 -1        83 6.67085E+00 2.16498E+00-2.70155E+03 1.68065E+01 7.85248E+00-2.80447E+00
 -1        84 6.76736E+01 4.24145E+01-2.50327E+03-1.47951E+01 2.78298E+00 5.89896E-01
 -1        85-1.27448E+01-1.77681E+01-2.74271E+03-1.30364E+01 3.17591E+00-9.76998E-01
 -1        86 1.30841E+01 2.52591E+00-2.68445E+03 1.95305E+01-3.41974E+00 4.85951E+00
 -1        87-2.80211E+01-3.11808E+01-2.81412E+03-1.65805E+01 1.02021E+01-1.21657E+00
 -1        88 1.17926E+01 1.06538E+01-2.67807E+03 5.53667E+00-9.39420E-01-1.59081E+00
 -1        89 4.70225E+01 5.01364E+01-2.58102E+03-3.08382E+00 5.31301E+00-3.63777E+00
 -1        90 6.55958E+00 5.01598E+00-2.71530E+03-1.43526E+01-1.47000E-01 1.53464E-01
 -1        91 3.96524E+01 2.33957E+01-2.59104E+03-8.73011E+00 1.21523E+01-3.96337E+00
 -1        92-6.01389E+02-5.59669E+02-2.82171E+03-2.55490E+02-2.59188E+02-9.77618E+00
 -1        93-3.97735E+02-4.25849E+02-2.74334E+03-2.54346E+02-6.01962E+01 2.16036E+01
 -1        94-4.68657E+02-4.41320E+02-2.72319E+03-2.51153E+02 6.01081E+01 7.89771E-01
 -1        95-4.36692E+02-3.98844E+02-2.71531E+03-2.02088E+02 1.59440E+02-1.77843E+01
 -1        96-3.81186E+02-4.17272E+02-2.74229E+03-9.60489E+01 2.18553E+02 4.67642E+00
 -1        97-1.40310E+02-2.40251E+02-2.63324E+03 4.56464E+01 8.68305E+01 5.32289E+01
 -1        98-1.82694E+01-3.01200E+01-2.71431E+03-1.88852E+00-1.42853E+01-1.58674E+00
 -1        99 6.97001E+00 8.00055E+00-2.70018E+03-4.95492E+00-7.04547E+00-3.48498E+00
 -1       100-6.11421E+00 3.82993E+00-2.74085E+03 2.80592E+01 4.35047E+01 3.05301E+00
 -1       101-1.56629E+02-1.56393E+02-3.10007E+03-2.81557E+01 1.04243E+02-1.11321E-01
 -1       102 1.04010E+01 8.45957E+00-2.68411E+03 6.17010E+00 1.42671E+01-1.70547E+00
 -1       103-1.97945E+01-1.54707E+01-2.69682E+03 1.33937E+00 1.49441E+01-5.92510E+00
 -1       104-7.04029E+01-7.98154E+01-2.68700E+03-4.32509E+01-4.25835E+01 4.88782E-01
 -1       105-5.83132E+02-6.36012E+02-2.84714E+03 1.95463E+02 2.28176E+02-9.61540E+00
 -1       106-3.76291E+02-4.30481E+02-2.75109E+03 1.87630E+02-5.96114E+01 3.95053E+00
 -1       107-6.97000E+01-6.90170E+01-2.64532E+03-4.41408E+01 2.57981E+01-1.54719E+00
 -1       108-8.19902E+00-5.34157E+00-2.67868E+03-3.84722E+00-2.24713E+01 2.57417E+00
 -1       109 1.14661E+01 1.92361E+01-2.67239E+03-1.12109E+01-1.87711E+01 4.05936E+00
 -1       110 9.22798E+01 6.44254E+01-2.45504E+03 7.29861E-01-1.36452E+00-4.59754E+00
 -1       111-5.51361E+00-1.42302E+01-2.72594E+03-1.15299E+00 1.48057E+01 1.04010E+01
 -1       112 9.65220E+00 1.21933E+01-2.66620E+03 7.55861E-01 1.47110E+01 8.38349E+00
 -1       113-2.65679E+01-2.49701E+01-2.69667E+03-3.66214E-01 1.08820E+01 1.71071E+01
 -1       114-4.22299E+02-4.67508E+02-2.75756E+03 1.18293E+02-1.47517E+02 2.61766E+01
 -1       115-5.02866E+02-4.97426E+02-2.76992E+03 2.32416E+02 6.49448E+01-2.38379E+01
 -1       116-5.03881E+02-4.81067E+02-2.75802E+03-1.10342E+02-2.33216E+02 3.53466E+01
 -1       117-8.47471E+01-6.86761E+01-2.66949E+03-6.19443E+01 2.51351E+01 6.06187E+00
 -1       118-1.31044E+02-1.25337E+02-2.70310E+03-7.95230E+01 3.85597E+01-2.22398E+01
 -1       119-8.04265E+01-8.70667E+01-2.65708E+03-4.88341E+01 3.60573E+01-2.45918E+00
 -1       120 1.13379E+01-2.34336E+00-2.67625E+03-8.52341E+00-4.44556E+00-4.44846E+00
 -1       121-3.85687E+01-1.25896E+02-2.74116E+03-3.10144E+02 2.13871E+02 3.20220E+01
 -1       122-7.34618E+02-8.55214E+02-4.47764E+03-3.45726E+02 2.60660E+02 4.41372E+01
 -1       123 1.15222E+01 7.26141E-01-2.67842E+03 1.24722E+01 2.43551E+00-2.04684E+00
 -1       124-8.62099E-01-5.59848E+00-2.69715E+03 1.78775E+01 1.37757E+01-4.54497E+00
 -1       125-8.18504E+01-6.55352E+01-2.63175E+03-5.93641E+01-3.71047E+01 2.88238E+01
 -1       126-5.09579E+01-6.24149E+01-2.69067E+03 1.57920E+01 9.86423E+00-6.78616E+00
 -1       127-4.70435E+01-5.07047E+01-2.68379E+03 1.34925E+00-7.07063E+00 5.09788E+00
 -1       128-5.25244E+01-6.18427E+01-2.66080E+03 5.26728E+01 2.62659E+01 4.27443E+00
 -1       129-5.52464E+00-1.32430E+01-2.67109E+03 2.43220E+00-1.22592E+01 5.68927E+00
 -1       130 1.62705E+01 1.77523E+01-2.63954E+03 5.94716E-01-4.75586E+00 9.70898E-01
 -1       131-3.74838E+01-4.57401E+01-2.83885E+03-2.50933E+01-6.85991E+00 8.84178E+00
 -1       132 5.21208E+01 8.37743E+01-2.38255E+03-8.09910E+00-1.25236E+01 7.50806E-01
 -1       133 1.14053E+01 8.89821E+00-2.65935E+03 1.86909E+00 4.59454E+00 3.67488E+00
 -1       134 1.50221E+01 5.99785E+00-2.63080E+03-5.96615E+00 7.36040E+00 7.20005E+00
 -1       135-1.74510E+01-4.84718E+01-2.65739E+03-3.99910E+00 5.48153E+00 7.82449E+00
 -1       136 8.63069E+00 1.67219E+00-2.68690E+03-1.20706E+01-5.78054E+00-1.83520E+00
 -1       137 2.00261E+01 2.77055E+01-2.56631E+03 4.06702E+01-3.23179E+01 1.24877E+01
 -1       138 7.13675E+00-1.52073E+01-2.63215E+03 8.63424E+01 2.57477E+01 3.11110E+01
 -1       139 1.34550E+01 4.37574E+00-2.68159E+03 1.81104E+01 6.34299E+00-1.18290E+00
 -1       140-9.57084E+00-2.40758E+01-2.69282E+03 1.64465E+01 1.08502E+01 2.35785E-01
 -1       141 7.44485E+00-3.52638E+00-2.64197E+03-9.16859E+00-2.56265E+00 9.02307E-01
 -1       142 4.64242E+00-4.52725E+00-2.69497E+03 2.03834E+01 1.39256E+00 1.95532E+00
 -1       143 2.71801E+01 2.45624E+01-2.63587E+03 2.69360E+01-1.12130E+01 8.24027E+00
 -1       144-3.55812E+02-2.28161E+02-3.36916E+03 1.92826E+02-5.16704E+01 5.14176E+01
 -1       145 5.04199E+00 1.14746E+01-2.66234E+03 9.46729E+00 2.63923E+01 6.37657E+00
 -1       146 1.14058E+01-1.59191E+00-2.65326E+03-8.25925E+00-3.81182E+00-3.77016E-01
 -1       147-6.91569E+02-7.48075E+02-2.83731E+03-6.49180E+00 1.96021E+02 3.35692E+01
 -1       148-7.23696E+02-7.15014E+02-2.84407E+03 1.74512E+02 1.26347E+02 3.50124E+01
 -1       149-8.16627E+02-8.31905E+02-2.87933E+03 1.96293E+02-8.90233E+01-9.12190E+00
 -1       150-7.91145E+02-8.40750E+02-2.86764E+03 1.02096E+00-2.22390E+02-7.91125E-01
 -1       151-8.00053E+02-8.09321E+02-2.81818E+03-2.07230E+02-9.68711E+01 1.50619E+01
 -1       152-8.88575E+02-8.62264E+02-2.80659E+03-2.15680E+02 1.03953E+02-1.58160E+01
 -1       153-1.15398E+03-1.15398E+03-2.96737E+03-2.17885E+00-1.26491E+01-8.77043E-06
 -1       154-8.33137E+02-8.06708E+02-2.84681E+03 1.78811E+01-2.47773E+02 2.02339E+01
 -1       155-7.01233E+02-6.92003E+02-2.83021E+03-2.24262E+02-1.24062E+02 2.63504E+01
 -1       156-8.41644E+02-7.86235E+02-2.83227E+03-2.37078E+02 1.20653E+02-3.21059E+01
 -1       157-7.52459E+02-7.76319E+02-2.83488E+03 1.25888E+01 2.29549E+02-1.00862E+01
 -1       158-9.79962E+02-1.02724E+03-2.81096E+03 3.66919E+02 2.10156E+02-4.46129E+01
 -1       159-8.87974E+02-1.00335E+03-2.80053E+03 3.66926E+02-1.35732E+02 4.11981E+01
 -1       160-7.96064E+02-7.69507E+02-2.77474E+03 1.47635E+02-3.09500E-01 8.02891E+00
 -1       161-2.19403E+02-2.26346E+02-2.68524E+03-4.47771E+00-3.57965E-03 2.00357E+00
 -1       162 2.43570E+00-2.01095E+00-2.71098E+03 8.78272E+00-1.79618E+00 9.73307E-02
 -1       163 2.45287E+00-3.76534E+00-2.69279E+03-9.50868E+00 2.86556E+00 2.74844E-01
 -1       164-1.48374E+02-1.40418E+02-2.69426E+03-1.51631E+01 4.58853E+00-7.88451E-01
 -1       165-6.69372E-01-6.38676E+00-2.71018E+03-9.15271E-01 5.44441E+00-8.50092E-01
 -1       166-9.68920E+00-1.76571E+01-2.73967E+03 2.58137E+00 2.63926E+00-3.32180E+00
 -1       167-8.99578E+01-8.12522E+01-2.87666E+03-1.60015E+01 4.53425E+00 1.02364E+01
 -1       168-2.45556E+02-2.74810E+02-2.64792E+03-1.07588E+02 1.13850E+02-3.71539E+01
 -1       169 1.12489E+02 8.66837E+01-2.37132E+03-5.26510E+00 5.98787E+01-1.82895E+01
 -1       170 1.34154E+02 1.22229E+02-2.32843E+03-3.74978E+01 9.56126E+01-2.90480E+01
 -1       171-5.40659E+01-8.11290E+01-2.86547E+03 8.10751E+00 2.22279E+01-2.46821E+01
 -1       172 6.51252E+01 4.07527E+01-2.57512E+03 2.00947E+01 2.91496E+01-3.23447E+01
 -1       173 1.62253E+02 1.36017E+02-2.23190E+03-3.49890E+01-2.00579E+01-6.82250E+00
 -1       174 5.82225E+01 3.95218E+01-2.51177E+03 7.91894E+00 5.08330E+00-6.03384E+00
 -1       175 1.25147E+02 1.27643E+02-2.37699E+03-5.35693E+01-1.89296E+01 8.51144E+00
 -1       176 6.78811E+01 7.07527E+01-2.54308E+03-4.25193E+01-1.83790E+01 1.32916E+01
 -1       177-9.72336E+00-1.94347E+01-2.74161E+03-4.03250E+01-3.03533E+01 6.72364E+00
 -1       178 8.63405E+01 7.78139E+01-2.49024E+03-2.88794E+01-6.18494E+00 9.64131E+00
 -1       179 3.20903E+01 1.96057E+01-2.58300E+03 2.13845E+01 2.08061E+00 1.26391E+00
 -1       180 8.77763E+01 7.52918E+01-2.43981E+03-8.18659E+00 2.09332E+01 1.26396E+00
 -1       181-4.57002E+01-5.94141E+01-2.84654E+03-2.57586E+01-1.33609E+01 1.39606E+00
 -1       182 5.66206E+01 4.19515E+01-2.59373E+03-1.59729E+01 1.73500E+01 6.95591E-01
 -1       183-1.50587E+01-6.69638E+00-2.75785E+03-4.32567E+01-2.91942E+01 4.30904E+00
 -1       184 1.17629E+02 1.23842E+02-2.41067E+03-3.95218E+01 3.68053E-01 7.89953E+00
 -1       185 2.24755E+01 2.30603E+01-2.66609E+03-1.57102E+00 1.48268E+01-1.01846E+00
 -1       186 2.74628E+01 2.80475E+01-2.65326E+03-8.63107E+00 3.42994E+01-1.01846E+00
 -1       187 3.35181E+01 3.25399E+01-2.62603E+03-4.44400E+01-3.99283E+01-3.32605E-01
 -1       188-1.46046E+02-1.46159E+02-3.09956E+03-8.69390E+01-5.57330E+01 1.93273E+00
 -1       189-8.03729E+01-7.56308E+01-2.90743E+03-3.90931E+01-5.64457E+01-1.66065E+00
 -1       190-4.12272E+01-3.09461E+01-2.79696E+03-7.49260E+01-7.01648E+01-1.32133E+00
 -1       191-7.84793E+01-6.43475E+01-2.93919E+03-2.68546E+01 2.77388E+01-1.42282E+01
 -1       192-4.87639E+01-3.42168E+01-2.80876E+03-3.22024E+01 3.82776E+01 3.78021E+00
 -1       193 8.42891E+01 4.94910E+01-2.36096E+03-4.47859E+01 2.18211E+01 2.77641E+01
 -1       194-3.22147E+01-8.69452E+01-2.67398E+03-4.65332E+01 3.27188E+01 3.61258E+01
 -1       195-3.88844E+01-4.68011E+01-2.82457E+03-1.26156E+01-4.41845E+00 4.59507E+00
 -1       196-2.00878E+01-3.03668E+01-2.78166E+03-3.37488E+01-1.32190E+01 8.03258E+00
 -1       197-1.30299E+03-1.05582E+03-5.45998E+03 2.06799E+02-1.28803E+02 5.20709E+01
 -1       198-1.87429E+03-1.46317E+03-6.71947E+03 5.97682E+02-1.01160E+02 1.14253E+02
 -1       199-1.08296E+03-7.66564E+02-4.76824E+03 4.25092E+02-1.60349E+02 6.34476E+01
 -1       200-9.73866E+02-7.12881E+02-4.88509E+03 7.23558E+02 1.16124E+02 1.12868E+02
 -1       201-6.65179E+02-5.30131E+02-4.11509E+03 1.68378E+02-1.67640E+02 3.62021E+01
 -1       202-2.73110E+02-1.29393E+02-3.13225E+03 3.04366E+02-1.30424E+01 5.43366E+01
 -1       203 1.60779E+02 1.32811E+02-2.35228E+03-2.95634E+01-5.43163E+01 1.82128E+01
 -1       204-6.34221E+01-9.46960E+01-2.94956E+03-7.83001E+01-1.14667E+02 2.70602E+01
 -1       205 5.12823E+01 4.49163E+01-2.60446E+03-3.96868E+01 1.29167E+01-2.97815E+00
 -1       206 4.12224E+00-4.15654E+00-2.71841E+03-1.65636E+01 1.03041E+01-8.60343E-01
 -1       207-3.20758E+01-4.32597E+01-2.77713E+03 4.76046E+01-9.24423E-01 9.58769E+00
 -1       208-3.34987E+01-5.38646E+01-2.75518E+03 1.72300E+01 3.44365E+01 1.61483E+01
 -1       209-2.24622E+01-2.42628E+01-2.78114E+03 7.18336E+00 1.41109E+00 1.22911E+01
 -1       210-2.13704E+02-2.14134E+02-3.28082E+03-9.54357E+00-3.28426E+00 1.70520E+01
 -1       211-1.44478E+02-1.24586E+02-3.08931E+03-4.19385E+01 1.33022E+01-3.43374E+00
 -1       212-1.09555E+01 8.08399E+00-2.75199E+03-1.11088E+01 7.07034E+00-1.78430E+00
 -1       213-5.84312E+02-7.28524E+02-4.01325E+03-3.03927E+02 2.91152E+02 6.44301E+01
 -1       214-3.08775E+01-1.55474E+02-2.62291E+03-3.21435E+02 2.97962E+02 5.50323E+01
 -1       215 7.60874E+00 1.25483E+01-2.68197E+03 1.47691E+02 1.78766E+02-4.71745E+00
 -1       216-2.72184E+01-2.07895E+01-2.77041E+03 9.83161E+01 1.27628E+02-4.53480E+00
 -1       217-5.77301E+01-1.95363E+01-2.92730E+03-2.97441E+01-8.03433E+00 1.92439E+01
 -1       218-1.85828E+02-1.47634E+02-3.25669E+03-7.75459E+01-3.74842E+01 1.92439E+01
 -1       219-6.65721E+01-1.11219E+02-2.88859E+03-8.83057E+00-5.14663E+00-5.27607E-02
 -1       220 3.74891E+01-2.86832E+01-2.66460E+03 5.34797E+00-3.10183E+01-5.44200E+00
 -1       221-4.66748E+01-9.37666E+01-2.84091E+03 2.66421E+00 3.87842E+01-2.48803E+01
 -1       222 7.78518E+01 4.17742E+01-2.54889E+03 9.81110E+00 3.49578E+01-2.02337E+01
 -1       223-6.44214E+01-9.84116E+01-2.85360E+03 6.98977E+01 3.74048E+01-2.68962E+01
 -1       224 1.50096E+02 1.10360E+02-2.32170E+03 5.80905E+01 1.55983E+01-3.10501E+01
 -1       225-4.94139E+01-7.11717E+01-2.79182E+03 1.35879E+00 2.65662E+01 1.01573E+00
 -1       226 2.26852E+01-1.42523E+01-2.56456E+03-2.87827E+01 2.50828E+01 1.21955E+01
 -1       227-1.56494E+00-7.59941E+00-2.72330E+03 1.16479E+01 2.90550E+00-7.12641E+00
 -1       228-3.53424E+02-3.57434E+02-3.63791E+03 2.96651E+01 9.92352E+00-1.10146E+01
 -1       229-1.05880E+01-1.64136E+00-2.80533E+03 2.49055E+01 2.48845E+01-2.53574E+01
 -1       230-1.87795E+02-1.85021E+02-3.26536E+03 2.35940E+01 2.41562E+01-2.79774E+01
 -1       231 2.28930E+01 3.61463E+00-2.64225E+03 1.41204E+00 7.45766E-01-7.99160E+00
 -1       232 2.78979E+01 8.61970E+00-2.62938E+03-3.41822E+00-1.55853E+01-7.99150E+00
 -1       233 3.16697E+00 1.26670E+01-2.69714E+03 1.77653E+00 1.14025E+01 3.38474E+00
 -1       234-2.84441E+02-2.73591E+02-3.44730E+03-7.56382E+00 2.21922E+01 6.59108E+00
 -1       235 2.58031E+01 2.77029E+01-2.63717E+03 1.87190E+01-8.61611E+00-5.31447E+00
 -1       236-5.15091E+02-5.11845E+02-4.02051E+03 3.71367E+01 6.72493E+00-3.95965E+00
 -1       237-1.05453E+02-1.09064E+02-2.97848E+03 4.74463E+01-3.16125E+00 1.40560E+01
 -1       238-3.18010E+02-3.22771E+02-3.51852E+03 5.99840E+01-3.26182E-01 3.07347E+01
 -1       239-1.54060E+00 5.36459E+00-2.75436E+03 1.32798E+01 9.42234E+00-1.37854E+01
 -1       240-4.97627E+02-4.74149E+02-4.06426E+03 5.42599E+00 3.45693E+01-2.36081E+01
 -1       241-5.10693E+01-8.74443E+01-2.71134E+03-4.65847E+02 5.86392E+02 4.73081E+01
 -1       242-1.35889E+03-1.45317E+03-5.95809E+03-4.16232E+02 6.89875E+02 8.28915E+01
 -1       243-2.65061E+02-6.16486E+02-2.91383E+03-9.63338E+02 8.83075E+02 2.09264E+02
 -1       244-1.85225E+03-2.20367E+03-6.99517E+03-9.77650E+02 7.18009E+02 2.09264E+02
 -1       245 9.11066E+01 8.17624E+01-2.40959E+03-7.85532E+00-7.42782E+01 6.11385E+00
 -1       246 1.56419E+02 1.70969E+02-2.13746E+03-4.19698E+01-8.53857E+01 2.51304E+00
 -1       247-5.21219E+02-3.60923E+02-3.62521E+03 8.92447E+01-6.98638E+01 2.81273E+01
 -1       248-6.55020E+02-4.15218E+02-3.75622E+03 1.03399E+02-2.95624E+02 3.41774E+01
 -1       249 8.67081E+01 4.07081E+01-2.41490E+03 1.54920E+01 4.61503E+01-4.09666E+00
 -1       250 5.81034E+00-3.12043E+01-2.68205E+03-2.78195E+01-2.50934E+01 8.35152E+00
 -1       251-7.64915E+00-3.98660E+01-2.71294E+03 9.69681E-01 1.47368E+01 6.04629E+00
 -1       252 1.23813E+02 6.81482E+01-2.35033E+03 3.02682E+01 7.96563E+00-2.73130E+00
 -1       253-2.01609E+02-2.53535E+02-3.26589E+03-1.17917E+02-1.80543E+01-1.15174E+01
 -1       254 9.51907E+01 5.18605E+01-2.44872E+03-1.58443E+01-3.50718E+00-2.52581E+01
 -1       255-6.46816E+00-4.67104E+01-2.65320E+03-8.52233E-01 4.58253E+01 2.81124E+00
 -1       256 1.90320E+02 1.45933E+02-2.14906E+03-6.70460E+01 7.36764E+00 4.36894E+00
 -1       257-2.70120E+01 6.25078E+00-2.80940E+03 2.16304E+02-1.41009E+01 2.38285E+01
 -1       258 9.34662E+01 1.37476E+02-2.50056E+03 2.75223E+02-3.31401E+01 3.40235E+01
 -1       259 1.29838E+01-2.29171E+01-2.68020E+03 6.84453E+00 9.11836E+00-3.73175E+01
 -1       260-1.03553E+02-1.93754E+02-3.04650E+03-4.30921E+00 7.78408E+01-5.28677E+01
 -1       261-3.07005E+01-2.80243E+02-2.54691E+03-3.20586E+02 1.72098E+02 8.35329E+01
 -1       262-2.13488E+02-5.28875E+02-2.82503E+03-4.01191E+02 1.78936E+02 1.38206E+02
 -1       263-1.23617E+01-1.05244E+01-2.70092E+03 6.37629E+01 1.33001E+01 8.38087E+00
 -1       264-1.23484E+02-1.27357E+02-2.96481E+03 5.37378E+01 4.05097E+01 1.81515E+01
 -1       265-1.08205E+02-1.32730E+02-3.00340E+03-8.69041E+01-2.68345E+01 1.58070E+01
 -1       266 5.37939E+01 2.67118E+01-2.58537E+03-7.82375E+01-2.51000E+01 1.82937E+01
 -3
    1PSTEP                         5           1           1
  100CL  101 1.00000E+00         266                     0    1           1
 -4  STRNEG      6    1
 -5  SXX         1    4    1    1
 -5  SYY         1    4    2    2
 -5  SZZ         1    4    3    3
 -5  SYZ         1    4    2    3
 -5  SZX         1    4    3    1
 -5  SXY         1    4    1    2
 -1         1-1.26371E+03-1.26371E+03-3.24953E+03 2.14430E+01-4.47128E+02-1.27629E-04
 -1         2-1.26213E+03-1.26213E+03-3.24548E+03 2.98029E+01 4.23896E+02-2.87070E-06
 -1         3-1.12807E+03-9.82796E+02-3.04620E+03-8.07371E+01-4.23202E+02 5.88478E+00
 -1         4-1.16475E+03-1.02032E+03-3.13949E+03-4.81534E+01 4.23360E+02 1.53332E-01
 -1         5-1.09306E+03-1.06205E+03-3.03280E+03-1.78783E+02-3.61462E+02-6.87239E+01
 -1         6-1.00580E+03-1.07249E+03-3.00725E+03-3.34716E+02-2.36319E+02-6.55276E+01
 -1         7-9.89863E+02-1.10162E+03-2.95482E+03-3.87224E+02 1.77995E+01 3.02618E+01
 -1         8-9.40559E+02-1.02718E+03-2.86432E+03-3.48220E+02 1.77252E+02 5.94525E+01
 -1         9-1.00247E+03-9.77653E+02-2.97435E+03-1.85341E+02 2.91255E+02 1.08306E+02
 -1        10-4.36042E+02-5.08473E+02-2.75401E+03 2.83354E+01 2.10118E+02 4.26107E+00
 -1        11-4.26355E+01-6.89203E+01-2.68033E+03 1.17030E+00-4.99609E+00 6.62052E+00
 -1        12 8.22973E+00 2.88399E+00-2.66806E+03 1.85890E+00-1.56894E+01 2.00923E+00
 -1        13 1.23724E+00 3.04254E+00-2.70454E+03 1.65340E+01-3.22407E+00 3.25761E+00
 -1        14-7.53077E+01-7.53273E+01-2.90034E+03 7.35305E-01 5.29285E+00 1.06761E+01
 -1        15 8.43212E+00 6.69602E+00-2.69372E+03-2.48571E+00 1.37109E+01-1.20297E+00
 -1        16-5.22947E+00-1.00156E+00-2.70620E+03-2.33488E+00 2.31511E+01-2.05346E+00
 -1        17-4.93318E+01-3.99407E+01-2.65881E+03-1.43389E+01-1.20039E+01-4.41355E+00
 -1        18-3.68177E+02-3.65011E+02-2.73242E+03 6.71665E+00-1.80623E+02 2.30917E+01
 -1        19-1.06193E+03-1.03324E+03-2.94373E+03 2.18726E+02 3.33161E+02-6.57965E+01
 -1        20-9.33329E+02-9.97222E+02-2.78905E+03 3.69105E+02 2.06630E+02-5.92671E+01
 -1        21-9.62806E+02-1.06260E+03-2.82283E+03 4.19048E+02 3.66441E+01-2.06132E+01
 -1        22-9.42822E+02-1.00574E+03-2.82483E+03 3.52140E+02-2.00684E+02 6.24229E+01
 -1        23-1.05852E+03-1.03056E+03-2.93622E+03 2.03301E+02-3.25919E+02 6.36334E+01
 -1        24-3.23173E+02-3.39487E+02-2.70344E+03 1.38463E+01 1.60532E+02-1.91607E+01
 -1        25-4.09738E+01-2.98420E+01-2.63323E+03-1.10689E+01 4.45212E+00 6.21703E+00
 -1        26-2.49424E+00 4.22066E+00-2.69437E+03-2.54543E+00-2.31814E+01 1.12852E+00
 -1        27 4.16902E+00 3.93051E+00-2.69050E+03-5.14439E-01-1.43756E+01 1.27933E+00
 -1        28-5.86739E+01-7.81360E+01-2.88440E+03-9.38065E+00 8.27542E+00-5.25166E+00
 -1        29 1.17249E+01 1.34095E+01-2.69847E+03 2.23277E+00 1.12619E+01 1.83910E+00
 -1        30 2.71541E+00 6.00943E+00-2.69864E+03 3.48009E+00 2.54692E+01 2.73984E+00
 -1        31-5.96353E+01-6.93574E+01-2.65460E+03 1.24735E+01 1.17811E+01 6.01437E+00
 -1        32-4.64322E+02-5.05291E+02-2.77596E+03 1.08355E+00-2.07346E+02 3.94387E-01
 -1        33-1.11929E+03-1.01324E+03-2.98986E+03-2.40325E+02-4.20022E+02-1.58544E+01
 -1        34-1.02856E+03-1.11833E+03-3.09223E+03-4.31438E+02-2.72994E+02-5.85045E+01
 -1        35-1.02856E+03-1.13872E+03-3.01589E+03-4.86405E+02 1.14548E+01 2.09762E+01
 -1        36-1.01084E+03-1.08845E+03-3.00563E+03-4.46879E+02 2.04338E+02 5.49894E+01
 -1        37-8.12866E+02-8.25611E+02-2.90172E+03-2.15379E+02 2.96723E+02-7.11455E+00
 -1        38-1.14408E+03-1.11193E+03-3.10622E+03 1.93142E+02 3.66005E+02-5.49155E+01
 -1        39-9.96473E+02-1.06882E+03-3.00182E+03 3.41004E+02 2.26671E+02-6.65946E+01
 -1        40-1.03764E+03-1.14921E+03-3.07521E+03 3.98798E+02 4.05777E+01-2.97671E+01
 -1        41-1.03822E+03-1.08025E+03-3.08917E+03 3.13957E+02-2.28015E+02 8.01732E+01
 -1        42-1.07753E+03-1.07898E+03-3.06505E+03 1.69503E+02-3.43271E+02 6.99207E+01
 -1        43-4.72663E+02-5.10172E+02-2.73691E+03-1.49857E+02-1.76570E+02-2.00263E+01
 -1        44-4.85428E+02-4.79925E+02-2.70865E+03-2.08598E+02 6.11048E+01 2.80969E+01
 -1        45-2.26506E+02-2.55538E+02-2.67842E+03-6.87040E+01 1.03873E+02 8.23663E+01
 -1        46 8.73154E+00 5.73111E+00-2.67243E+03 3.10127E+00-1.50332E+01 2.74975E+00
 -1        47 5.40283E+01 5.27526E+01-2.57239E+03-5.52592E+00 1.54845E+01 4.13503E+00
 -1        48-2.24781E+01-1.63281E+01-2.71520E+03-1.37147E+00 1.84811E+01 3.65890E-01
 -1        49-5.74290E+02-5.72582E+02-2.72906E+03 1.86259E+02 1.65360E+02-2.39494E+01
 -1        50-5.53358E+02-6.15114E+02-2.71018E+03 2.61363E+02 5.86148E+01-2.30075E+01
 -1        51-4.40681E+02-5.15552E+02-2.69097E+03 2.17487E+02-7.37117E+01 3.80150E+01
 -1        52-5.72005E+02-5.68539E+02-2.73631E+03 1.71478E+02-1.60969E+02 2.64667E+01
 -1        53-2.19728E+01-1.55926E+01-2.70480E+03 8.61674E-01-1.40356E+01-1.46156E+00
 -1        54 4.58604E+01 2.76888E+01-2.58805E+03 3.12432E+00 9.07043E+00-7.10790E+00
 -1        55 1.19521E+01 6.61964E+00-2.69950E+03 7.62293E+00 1.50381E+01-3.35060E+00
 -1        56-7.25384E+01-8.94891E+01-2.66200E+03-3.87292E+01-1.40437E+01-7.38027E+00
 -1        57-3.67760E+02-4.17457E+02-2.70212E+03-1.82275E+02-6.28435E+01 4.97783E+00
 -1        58-5.25306E+02-5.49947E+02-2.72821E+03-1.79803E+02 1.48925E+02 2.02564E+01
 -1        59-1.87460E+01-2.95155E+01-2.69721E+03-7.52365E+00-2.16021E+01 1.04636E+01
 -1        60-4.17100E+00-2.72302E+00-2.73607E+03-7.11927E-01-3.46553E+00 6.26001E-01
 -1        61 6.16148E+00 7.85453E+00-2.70392E+03-1.97098E+00 1.70399E+01-1.71108E+00
 -1        62-7.84357E+01-1.02699E+02-2.70954E+03 2.95819E+01-3.79305E+01-1.07070E+01
 -1        63-7.54575E+01-1.04155E+02-2.68744E+03 3.33966E+01 3.99213E+01 1.61317E+01
 -1        64 4.76704E+00 1.03828E+01-2.70116E+03-2.76827E-01-1.80046E+01-1.08126E+00
 -1        65-1.95897E+01-2.39948E+01-2.77417E+03 1.00676E+01 1.40127E+01-7.50156E+00
 -1        66-8.30389E+00-1.28224E+01-2.69142E+03 1.17071E+01 2.37684E+01-5.91174E+00
 -1        67-1.01164E+01-7.92736E+00-2.75691E+03-1.05093E+01-8.71369E-01 4.67493E+00
 -1        68-3.84978E+01-5.26492E+01-2.72100E+03 1.47304E+00 1.20256E+01 6.71372E+00
 -1        69-5.27638E+01-6.41342E+01-2.73686E+03-1.93461E+01 6.78879E+00 1.43935E+01
 -1        70 1.97186E+01 7.68904E+00-2.64583E+03 9.98532E+00 8.59695E+00 1.35957E+00
 -1        71 1.01049E+01 3.58836E+00-2.69308E+03 1.26124E+01 1.37328E+01-3.26356E+00
 -1        72-1.21471E+01-1.42057E+01-2.73453E+03-6.96084E+00-5.80989E+00-3.65633E+00
 -1        73-9.14890E+01-7.60453E+01-2.73909E+03 4.53492E+01 3.19147E+01 7.42945E+00
 -1        74-4.91357E+01-5.02627E+01-2.70135E+03-9.91639E+00-7.90839E+00-3.68722E+00
 -1        75-9.64082E+01-7.16060E+01-2.75652E+03 4.01061E+01 9.19077E+00-9.14488E-01
 -1        76-7.88437E+01-6.60693E+01-2.74453E+03 2.92015E+01-1.66675E+01-1.71205E+00
 -1        77-2.41076E+02-2.41707E+02-3.34546E+03 2.67782E+01 1.00914E+01-8.04001E+00
 -1        78 1.07099E+01 1.26310E+00-2.72307E+03 4.19713E+00-1.21775E+01-1.23206E+01
 -1        79 1.14240E+01 8.98868E+00-2.68874E+03 7.12082E+00-6.21553E+00 3.03034E+00
 -1        80 1.35041E+01 7.42568E+00-2.69167E+03 1.43136E+01 5.16415E+00-4.31823E+00
 -1        81 1.11631E+01 1.50490E+00-2.67324E+03 4.22069E+00-1.45374E+01 3.25045E+00
 -1        82-1.94088E+00-3.53704E+00-2.72107E+03-8.58518E+00 1.42750E+01 5.98446E-01
 -1        83 6.67085E+00 2.16498E+00-2.70155E+03 1.68065E+01 7.85248E+00-2.80447E+00
 -1        84 6.76736E+01 4.24145E+01-2.50327E+03-1.47951E+01 2.78298E+00 5.89896E-01
 -1        85-1.27448E+01-1.77681E+01-2.74271E+03-1.30364E+01 3.17591E+00-9.76998E-01
 -1        86 1.30841E+01 2.52591E+00-2.68445E+03 1.95305E+01-3.41974E+00 4.85951E+00
 -1        87-2.80211E+01-3.11808E+01-2.81412E+03-1.65805E+01 1.02021E+01-1.21657E+00
 -1        88 1.17926E+01 1.06538E+01-2.67807E+03 5.53667E+00-9.39420E-01-1.59081E+00
 -1        89 4.70225E+01 5.01364E+01-2.58102E+03-3.08382E+00 5.31301E+00-3.63777E+00
 -1        90 6.55958E+00 5.01598E+00-2.71530E+03-1.43526E+01-1.47000E-01 1.53464E-01
 -1        91 3.96524E+01 2.33957E+01-2.59104E+03-8.73011E+00 1.21523E+01-3.96337E+00
 -1        92-6.01389E+02-5.59669E+02-2.82171E+03-2.55490E+02-2.59188E+02-9.77618E+00
 -1        93-3.97735E+02-4.25849E+02-2.74334E+03-2.54346E+02-6.01962E+01 2.16036E+01
 -1        94-4.68657E+02-4.41320E+02-2.72319E+03-2.51153E+02 6.01081E+01 7.89771E-01
 -1        95-4.36692E+02-3.98844E+02-2.71531E+03-2.02088E+02 1.59440E+02-1.77843E+01
 -1        96-3.81186E+02-4.17272E+02-2.74229E+03-9.60489E+01 2.18553E+02 4.67642E+00
 -1        97-1.40310E+02-2.40251E+02-2.63324E+03 4.56464E+01 8.68305E+01 5.32289E+01
 -1        98-1.82694E+01-3.01200E+01-2.71431E+03-1.88852E+00-1.42853E+01-1.58674E+00
 -1        99 6.97001E+00 8.00055E+00-2.70018E+03-4.95492E+00-7.04547E+00-3.48498E+00
 -1       100-6.11421E+00 3.82993E+00-2.74085E+03 2.80592E+01 4.35047E+01 3.05301E+00
 -1       101-1.56629E+02-1.56393E+02-3.10007E+03-2.81557E+01 1.04243E+02-1.11321E-01
 -1       102 1.04010E+01 8.45957E+00-2.68411E+03 6.17010E+00 1.42671E+01-1.70547E+00
 -1       103-1.97945E+01-1.54707E+01-2.69682E+03 1.33937E+00 1.49441E+01-5.92510E+00
 -1       104-7.04029E+01-7.98154E+01-2.68700E+03-4.32509E+01-4.25835E+01 4.88782E-01
 -1       105-5.83132E+02-6.36012E+02-2.84714E+03 1.95463E+02 2.28176E+02-9.61540E+00
 -1       106-3.76291E+02-4.30481E+02-2.75109E+03 1.87630E+02-5.96114E+01 3.95053E+00
 -1       107-6.97000E+01-6.90170E+01-2.64532E+03-4.41408E+01 2.57981E+01-1.54719E+00
 -1       108-8.19902E+00-5.34157E+00-2.67868E+03-3.84722E+00-2.24713E+01 2.57417E+00
 -1       109 1.14661E+01 1.92361E+01-2.67239E+03-1.12109E+01-1.87711E+01 4.05936E+00
 -1       110 9.22798E+01 6.44254E+01-2.45504E+03 7.29861E-01-1.36452E+00-4.59754E+00
 -1       111-5.51361E+00-1.42302E+01-2.72594E+03-1.15299E+00 1.48057E+01 1.04010E+01
 -1       112 9.65220E+00 1.21933E+01-2.66620E+03 7.55861E-01 1.47110E+01 8.38349E+00
 -1       113-2.65679E+01-2.49701E+01-2.69667E+03-3.66214E-01 1.08820E+01 1.71071E+01
 -1       114-4.22299E+02-4.67508E+02-2.75756E+03 1.18293E+02-1.47517E+02 2.61766E+01
 -1       115-5.02866E+02-4.97426E+02-2.76992E+03 2.32416E+02 6.49448E+01-2.38379E+01
 -1       116-5.03881E+02-4.81067E+02-2.75802E+03-1.10342E+02-2.33216E+02 3.53466E+01
 -1       117-8.47471E+01-6.86761E+01-2.66949E+03-6.19443E+01 2.51351E+01 6.06187E+00
 -1       118-1.31044E+02-1.25337E+02-2.70310E+03-7.95230E+01 3.85597E+01-2.22398E+01
 -1       119-8.04265E+01-8.70667E+01-2.65708E+03-4.88341E+01 3.60573E+01-2.45918E+00
 -1       120 1.13379E+01-2.34336E+00-2.67625E+03-8.52341E+00-4.44556E+00-4.44846E+00
 -1       121-3.85687E+01-1.25896E+02-2.74116E+03-3.10144E+02 2.13871E+02 3.20220E+01
 -1       122-7.34618E+02-8.55214E+02-4.47764E+03-3.45726E+02 2.60660E+02 4.41372E+01
 -1       123 1.15222E+01 7.26141E-01-2.67842E+03 1.24722E+01 2.43551E+00-2.04684E+00
 -1       124-8.62099E-01-5.59848E+00-2.69715E+03 1.78775E+01 1.37757E+01-4.54497E+00
 -1       125-8.18504E+01-6.55352E+01-2.63175E+03-5.93641E+01-3.71047E+01 2.88238E+01
 -1       126-5.09579E+01-6.24149E+01-2.69067E+03 1.57920E+01 9.86423E+00-6.78616E+00
 -1       127-4.70435E+01-5.07047E+01-2.68379E+03 1.34925E+00-7.07063E+00 5.09788E+00
 -1       128-5.25244E+01-6.18427E+01-2.66080E+03 5.26728E+01 2.62659E+01 4.27443E+00
 -1       129-5.52464E+00-1.32430E+01-2.67109E+03 2.43220E+00-1.22592E+01 5.68927E+00
 -1       130 1.62705E+01 1.77523E+01-2.63954E+03 5.94716E-01-4.75586E+00 9.70898E-01
 -1       131-3.74838E+01-4.57401E+01-2.83885E+03-2.50933E+01-6.85991E+00 8.84178E+00
 -1       132 5.21208E+01 8.37743E+01-2.38255E+03-8.09910E+00-1.25236E+01 7.50806E-01
 -1       133 1.14053E+01 8.89821E+00-2.65935E+03 1.86909E+00 4.59454E+00 3.67488E+00
 -1       134 1.50221E+01 5.99785E+00-2.63080E+03-5.96615E+00 7.36040E+00 7.20005E+00
 -1       135-1.74510E+01-4.84718E+01-2.65739E+03-3.99910E+00 5.48153E+00 7.82449E+00
 -1       136 8.63069E+00 1.67219E+00-2.68690E+03-1.20706E+01-5.78054E+00-1.83520E+00
 -1       137 2.00261E+01 2.77055E+01-2.56631E+03 4.06702E+01-3.23179E+01 1.24877E+01
 -1       138 7.13675E+00-1.52073E+01-2.63215E+03 8.63424E+01 2.57477E+01 3.11110E+01
 -1       139 1.34550E+01 4.37574E+00-2.68159E+03 1.81104E+01 6.34299E+00-1.18290E+00
 -1       140-9.57084E+00-2.40758E+01-2.69282E+03 1.64465E+01 1.08502E+01 2.35785E-01
 -1       141 7.44485E+00-3.52638E+00-2.64197E+03-9.16859E+00-2.56265E+00 9.02307E-01
 -1       142 4.64242E+00-4.52725E+00-2.69497E+03 2.03834E+01 1.39256E+00 1.95532E+00
 -1       143 2.71801E+01 2.45624E+01-2.63587E+03 2.69360E+01-1.12130E+01 8.24027E+00
 -1       144-3.55812E+02-2.28161E+02-3.36916E+03 1.92826E+02-5.16704E+01 5.14176E+01
 -1       145 5.04199E+00 1.14746E+01-2.66234E+03 9.46729E+00 2.63923E+01 6.37657E+00
 -1       146 1.14058E+01-1.59191E+00-2.65326E+03-8.25925E+00-3.81182E+00-3.77016E-01
 -1       147-6.91569E+02-7.48075E+02-2.83731E+03-6.49180E+00 1.96021E+02 3.35692E+01
 -1       148-7.23696E+02-7.15014E+02-2.84407E+03 1.74512E+02 1.26347E+02 3.50124E+01
 -1       149-8.16627E+02-8.31905E+02-2.87933E+03 1.96293E+02-8.90233E+01-9.12190E+00
 -1       150-7.91145E+02-8.40750E+02-2.86764E+03 1.02096E+00-2.22390E+02-7.91125E-01
 -1       151-8.00053E+02-8.09321E+02-2.81818E+03-2.07230E+02-9.68711E+01 1.50619E+01
 -1       152-8.88575E+02-8.62264E+02-2.80659E+03-2.15680E+02 1.03953E+02-1.58160E+01
 -1       153-1.15398E+03-1.15398E+03-2.96737E+03-2.17885E+00-1.26491E+01-8.77043E-06
 -1       154-8.33137E+02-8.06708E+02-2.84681E+03 1.78811E+01-2.47773E+02 2.02339E+01
 -1       155-7.01233E+02-6.92003E+02-2.83021E+03-2.24262E+02-1.24062E+02 2.63504E+01
 -1       156-8.41644E+02-7.86235E+02-2.83227E+03-2.37078E+02 1.20653E+02-3.21059E+01
 -1       157-7.52459E+02-7.76319E+02-2.83488E+03 1.25888E+01 2.29549E+02-1.00862E+01
 -1       158-9.79962E+02-1.02724E+03-2.81096E+03 3.66919E+02 2.10156E+02-4.46129E+01
 -1       159-8.87974E+02-1.00335E+03-2.80053E+03 3.66926E+02-1.35732E+02 4.11981E+01
 -1       160-7.96064E+02-7.69507E+02-2.77474E+03 1.47635E+02-3.09500E-01 8.02891E+00
 -1       161-2.19403E+02-2.26346E+02-2.68524E+03-4.47771E+00-3.57965E-03 2.00357E+00
 -1       162 2.43570E+00-2.01095E+00-2.71098E+03 8.78272E+00-1.79618E+00 9.73307E-02
 -1       163 2.45287E+00-3.76534E+00-2.69279E+03-9.50868E+00 2.86556E+00 2.74844E-01
 -1       164-1.48374E+02-1.40418E+02-2.69426E+03-1.51631E+01 4.58853E+00-7.88451E-01
 -1       165-6.69372E-01-6.38676E+00-2.71018E+03-9.15271E-01 5.44441E+00-8.50092E-01
 -1       166-9.68920E+00-1.76571E+01-2.73967E+03 2.58137E+00 2.63926E+00-3.32180E+00
 -1       167-8.99578E+01-8.12522E+01-2.87666E+03-1.60015E+01 4.53425E+00 1.02364E+01
 -1       168-2.45556E+02-2.74810E+02-2.64792E+03-1.07588E+02 1.13850E+02-3.71539E+01
 -1       169 1.12489E+02 8.66837E+01-2.37132E+03-5.26510E+00 5.98787E+01-1.82895E+01
 -1       170 1.34154E+02 1.22229E+02-2.32843E+03-3.74978E+01 9.56126E+01-2.90480E+01
 -1       171-5.40659E+01-8.11290E+01-2.86547E+03 8.10751E+00 2.22279E+01-2.46821E+01
 -1       172 6.51252E+01 4.07527E+01-2.57512E+03 2.00947E+01 2.91496E+01-3.23447E+01
 -1       173 1.62253E+02 1.36017E+02-2.23190E+03-3.49890E+01-2.00579E+01-6.82250E+00
 -1       174 5.82225E+01 3.95218E+01-2.51177E+03 7.91894E+00 5.08330E+00-6.03384E+00
 -1       175 1.25147E+02 1.27643E+02-2.37699E+03-5.35693E+01-1.89296E+01 8.51144E+00
 -1       176 6.78811E+01 7.07527E+01-2.54308E+03-4.25193E+01-1.83790E+01 1.32916E+01
 -1       177-9.72336E+00-1.94347E+01-2.74161E+03-4.03250E+01-3.03533E+01 6.72364E+00
 -1       178 8.63405E+01 7.78139E+01-2.49024E+03-2.88794E+01-6.18494E+00 9.64131E+00
 -1       179 3.20903E+01 1.96057E+01-2.58300E+03 2.13845E+01 2.08061E+00 1.26391E+00
 -1       180 8.77763E+01 7.52918E+01-2.43981E+03-8.18659E+00 2.09332E+01 1.26396E+00
 -1       181-4.57002E+01-5.94141E+01-2.84654E+03-2.57586E+01-1.33609E+01 1.39606E+00
 -1       182 5.66206E+01 4.19515E+01-2.59373E+03-1.59729E+01 1.73500E+01 6.95591E-01
 -1       183-1.50587E+01-6.69638E+00-2.75785E+03-4.32567E+01-2.91942E+01 4.30904E+00
 -1       184 1.17629E+02 1.23842E+02-2.41067E+03-3.95218E+01 3.68053E-01 7.89953E+00
 -1       185 2.24755E+01 2.30603E+01-2.66609E+03-1.57102E+00 1.48268E+01-1.01846E+00
 -1       186 2.74628E+01 2.80475E+01-2.65326E+03-8.63107E+00 3.42994E+01-1.01846E+00
 -1       187 3.35181E+01 3.25399E+01-2.62603E+03-4.44400E+01-3.99283E+01-3.32605E-01
 -1       188-1.46046E+02-1.46159E+02-3.09956E+03-8.69390E+01-5.57330E+01 1.93273E+00
 -1       189-8.03729E+01-7.56308E+01-2.90743E+03-3.90931E+01-5.64457E+01-1.66065E+00
 -1       190-4.12272E+01-3.09461E+01-2.79696E+03-7.49260E+01-7.01648E+01-1.32133E+00
 -1       191-7.84793E+01-6.43475E+01-2.93919E+03-2.68546E+01 2.77388E+01-1.42282E+01
 -1       192-4.87639E+01-3.42168E+01-2.80876E+03-3.22024E+01 3.82776E+01 3.78021E+00
 -1       193 8.42891E+01 4.94910E+01-2.36096E+03-4.47859E+01 2.18211E+01 2.77641E+01
 -1       194-3.22147E+01-8.69452E+01-2.67398E+03-4.65332E+01 3.27188E+01 3.61258E+01
 -1       195-3.88844E+01-4.68011E+01-2.82457E+03-1.26156E+01-4.41845E+00 4.59507E+00
 -1       196-2.00878E+01-3.03668E+01-2.78166E+03-3.37488E+01-1.32190E+01 8.03258E+00
 -1       197-1.30299E+03-1.05582E+03-5.45998E+03 2.06799E+02-1.28803E+02 5.20709E+01
 -1       198-1.87429E+03-1.46317E+03-6.71947E+03 5.97682E+02-1.01160E+02 1.14253E+02
 -1       199-1.08296E+03-7.66564E+02-4.76824E+03 4.25092E+02-1.60349E+02 6.34476E+01
 -1       200-9.73866E+02-7.12881E+02-4.88509E+03 7.23558E+02 1.16124E+02 1.12868E+02
 -1       201-6.65179E+02-5.30131E+02-4.11509E+03 1.68378E+02-1.67640E+02 3.62021E+01
 -1       202-2.73110E+02-1.29393E+02-3.13225E+03 3.04366E+02-1.30424E+01 5.43366E+01
 -1       203 1.60779E+02 1.32811E+02-2.35228E+03-2.95634E+01-5.43163E+01 1.82128E+01
 -1       204-6.34221E+01-9.46960E+01-2.94956E+03-7.83001E+01-1.14667E+02 2.70602E+01
 -1       205 5.12823E+01 4.49163E+01-2.60446E+03-3.96868E+01 1.29167E+01-2.97815E+00
 -1       206 4.12224E+00-4.15654E+00-2.71841E+03-1.65636E+01 1.03041E+01-8.60343E-01
 -1       207-3.20758E+01-4.32597E+01-2.77713E+03 4.76046E+01-9.24423E-01 9.58769E+00
 -1       208-3.34987E+01-5.38646E+01-2.75518E+03 1.72300E+01 3.44365E+01 1.61483E+01
 -1       209-2.24622E+01-2.42628E+01-2.78114E+03 7.18336E+00 1.41109E+00 1.22911E+01
 -1       210-2.13704E+02-2.14134E+02-3.28082E+03-9.54357E+00-3.28426E+00 1.70520E+01
 -1       211-1.44478E+02-1.24586E+02-3.08931E+03-4.19385E+01 1.33022E+01-3.43374E+00
 -1       212-1.09555E+01 8.08399E+00-2.75199E+03-1.11088E+01 7.07034E+00-1.78430E+00
 -1       213-5.84312E+02-7.28524E+02-4.01325E+03-3.03927E+02 2.91152E+02 6.44301E+01
 -1       214-3.08775E+01-1.55474E+02-2.62291E+03-3.21435E+02 2.97962E+02 5.50323E+01
 -1       215 7.60874E+00 1.25483E+01-2.68197E+03 1.47691E+02 1.78766E+02-4.71745E+00
 -1       216-2.72184E+01-2.07895E+01-2.77041E+03 9.83161E+01 1.27628E+02-4.53480E+00
 -1       217-5.77301E+01-1.95363E+01-2.92730E+03-2.97441E+01-8.03433E+00 1.92439E+01
 -1       218-1.85828E+02-1.47634E+02-3.25669E+03-7.75459E+01-3.74842E+01 1.92439E+01
 -1       219-6.65721E+01-1.11219E+02-2.88859E+03-8.83057E+00-5.14663E+00-5.27607E-02
 -1       220 3.74891E+01-2.86832E+01-2.66460E+03 5.34797E+00-3.10183E+01-5.44200E+00
 -1       221-4.66748E+01-9.37666E+01-2.84091E+03 2.66421E+00 3.87842E+01-2.48803E+01
 -1       222 7.78518E+01 4.17742E+01-2.54889E+03 9.81110E+00 3.49578E+01-2.02337E+01
 -1       223-6.44214E+01-9.84116E+01-2.85360E+03 6.98977E+01 3.74048E+01-2.68962E+01
 -1       224 1.50096E+02 1.10360E+02-2.32170E+03 5.80905E+01 1.55983E+01-3.10501E+01
 -1       225-4.94139E+01-7.11717E+01-2.79182E+03 1.35879E+00 2.65662E+01 1.01573E+00
 -1       226 2.26852E+01-1.42523E+01-2.56456E+03-2.87827E+01 2.50828E+01 1.21955E+01
 -1       227-1.56494E+00-7.59941E+00-2.72330E+03 1.16479E+01 2.90550E+00-7.12641E+00
 -1       228-3.53424E+02-3.57434E+02-3.63791E+03 2.96651E+01 9.92352E+00-1.10146E+01
 -1       229-1.05880E+01-1.64136E+00-2.80533E+03 2.49055E+01 2.48845E+01-2.53574E+01
 -1       230-1.87795E+02-1.85021E+02-3.26536E+03 2.35940E+01 2.41562E+01-2.79774E+01
 -1       231 2.28930E+01 3.61463E+00-2.64225E+03 1.41204E+00 7.45766E-01-7.99160E+00
 -1       232 2.78979E+01 8.61970E+00-2.62938E+03-3.41822E+00-1.55853E+01-7.99150E+00
 -1       233 3.16697E+00 1.26670E+01-2.69714E+03 1.77653E+00 1.14025E+01 3.38474E+00
 -1       234-2.84441E+02-2.73591E+02-3.44730E+03-7.56382E+00 2.21922E+01 6.59108E+00
 -1       235 2.58031E+01 2.77029E+01-2.63717E+03 1.87190E+01-8.61611E+00-5.31447E+00
 -1       236-5.15091E+02-5.11845E+02-4.02051E+03 3.71367E+01 6.72493E+00-3.95965E+00
 -1       237-1.05453E+02-1.09064E+02-2.97848E+03 4.74463E+01-3.16125E+00 1.40560E+01
 -1       238-3.18010E+02-3.22771E+02-3.51852E+03 5.99840E+01-3.26182E-01 3.07347E+01
 -1       239-1.54060E+00 5.36459E+00-2.75436E+03 1.32798E+01 9.42234E+00-1.37854E+01
 -1       240-4.97627E+02-4.74149E+02-4.06426E+03 5.42599E+00 3.45693E+01-2.36081E+01
 -1       241-5.10693E+01-8.74443E+01-2.71134E+03-4.65847E+02 5.86392E+02 4.73081E+01
 -1       242-1.35889E+03-1.45317E+03-5.95809E+03-4.16232E+02 6.89875E+02 8.28915E+01
 -1       243-2.65061E+02-6.16486E+02-2.91383E+03-9.63338E+02 8.83075E+02 2.09264E+02
 -1       244-1.85225E+03-2.20367E+03-6.99517E+03-9.77650E+02 7.18009E+02 2.09264E+02
 -1       245 9.11066E+01 8.17624E+01-2.40959E+03-7.85532E+00-7.42782E+01 6.11385E+00
 -1       246 1.56419E+02 1.70969E+02-2.13746E+03-4.19698E+01-8.53857E+01 2.51304E+00
 -1       247-5.21219E+02-3.60923E+02-3.62521E+03 8.92447E+01-6.98638E+01 2.81273E+01
 -1       248-6.55020E+02-4.15218E+02-3.75622E+03 1.03399E+02-2.95624E+02 3.41774E+01
 -1       249 8.67081E+01 4.07081E+01-2.41490E+03 1.54920E+01 4.61503E+01-4.09666E+00
 -1       250 5.81034E+00-3.12043E+01-2.68205E+03-2.78195E+01-2.50934E+01 8.35152E+00
 -1       251-7.64915E+00-3.98660E+01-2.71294E+03 9.69681E-01 1.47368E+01 6.04629E+00
 -1       252 1.23813E+02 6.81482E+01-2.35033E+03 3.02682E+01 7.96563E+00-2.73130E+00
 -1       253-2.01609E+02-2.53535E+02-3.26589E+03-1.17917E+02-1.80543E+01-1.15174E+01
 -1       254 9.51907E+01 5.18605E+01-2.44872E+03-1.58443E+01-3.50718E+00-2.52581E+01
 -1       255-6.46816E+00-4.67104E+01-2.65320E+03-8.52233E-01 4.58253E+01 2.81124E+00
 -1       256 1.90320E+02 1.45933E+02-2.14906E+03-6.70460E+01 7.36764E+00 4.36894E+00
 -1       257-2.70120E+01 6.25078E+00-2.80940E+03 2.16304E+02-1.41009E+01 2.38285E+01
 -1       258 9.34662E+01 1.37476E+02-2.50056E+03 2.75223E+02-3.31401E+01 3.40235E+01
 -1       259 1.29838E+01-2.29171E+01-2.68020E+03 6.84453E+00 9.11836E+00-3.73175E+01
 -1       260-1.03553E+02-1.93754E+02-3.04650E+03-4.30921E+00 7.78408E+01-5.28677E+01
 -1       261-3.07005E+01-2.80243E+02-2.54691E+03-3.20586E+02 1.72098E+02 8.35329E+01
 -1       262-2.13488E+02-5.28875E+02-2.82503E+03-4.01191E+02 1.78936E+02 1.38206E+02
 -1       263-1.23617E+01-1.05244E+01-2.70092E+03 6.37629E+01 1.33001E+01 8.38087E+00
 -1       264-1.23484E+02-1.27357E+02-2.96481E+03 5.37378E+01 4.05097E+01 1.81515E+01
 -1       265-1.08205E+02-1.32730E+02-3.00340E+03-8.69041E+01-2.68345E+01 1.58070E+01
 -1       266 5.37939E+01 2.67118E+01-2.58537E+03-7.82375E+01-2.51000E+01 1.82937E+01
 -3
    1PSTEP                         6           1           1
  100CL  101 1.00000E+00         266                     0    1           1
 -4  SHR         8    1
 -5  NXX         1    2    1    0
 -5  NYY         1    2    2    0
 -5  NXY         1    2    3    0
 -5  MXX         1    2    4    0
 -5  MYY         1    2    5    0
 -5  MXY         1    2    6    0
 -5  QX          1    2    7    0
 -5  QY          1    2    8    0
 -1         1 0.00000E+00 0.00000E+00 0.00000E+00 0.00000E+00 0.00000E+00 0.00000E+00
 -2           0.00000E+00 0.00000E+00
 -1         2 0.00000E+00 0.00000E+00 0.00000E+00 0.00000E+00 0.00000E+00 0.00000E+00
 -2           0.00000E+00 0.00000E+00
 -1         3 0.00000E+00 0.00000E+00 0.00000E+00 0.00000E+00 0.00000E+00 0.00000E+00
 -2           0.00000E+00 0.00000E+00
 -1         4 0.00000E+00 0.00000E+00 0.00000E+00 0.00000E+00 0.00000E+00 0.00000E+00
 -2           0.00000E+00 0.00000E+00
 -1         5 0.00000E+00 0.00000E+00 0.00000E+00 0.00000E+00 0.00000E+00 0.00000E+00
 -2           0.00000E+00 0.00000E+00
 -1         6 0.00000E+00 0.00000E+00 0.00000E+00 0.00000E+00 0.00000E+00 0.00000E+00
 -2           0.00000E+00 0.00000E+00
 -1         7 0.00000E+00 0.00000E+00 0.00000E+00 0.00000E+00 0.00000E+00 0.00000E+00
 -2           0.00000E+00 0.00000E+00
 -1         8 0.00000E+00 0.00000E+00 0.00000E+00 0.00000E+00 0.00000E+00 0.00000E+00
 -2           0.00000E+00 0.00000E+00
 -1         9 0.00000E+00 0.00000E+00 0.00000E+00 0.00000E+00 0.00000E+00 0.00000E+00
 -2           0.00000E+00 0.00000E+00
 -1        10 0.00000E+00 0.00000E+00 0.00000E+00 0.00000E+00 0.00000E+00 0.00000E+00
 -2           0.00000E+00 0.00000E+00
 -1        11 0.00000E+00 0.00000E+00 0.00000E+00 0.00000E+00 0.00000E+00 0.00000E+00
 -2           0.00000E+00 0.00000E+00
 -1        12 0.00000E+00 0.00000E+00 0.00000E+00 0.00000E+00 0.00000E+00 0.00000E+00
 -2           0.00000E+00 0.00000E+00
 -1        13 0.00000E+00 0.00000E+00 0.00000E+00 0.00000E+00 0.00000E+00 0.00000E+00
 -2           0.00000E+00 0.00000E+00
 -1        14 0.00000E+00 0.00000E+00 0.00000E+00 0.00000E+00 0.00000E+00 0.00000E+00
 -2           0.00000E+00 0.00000E+00
 -1        15 0.00000E+00 0.00000E+00 0.00000E+00 0.00000E+00 0.00000E+00 0.00000E+00
 -2           0.00000E+00 0.00000E+00
 -1        16 0.00000E+00 0.00000E+00 0.00000E+00 0.00000E+00 0.00000E+00 0.00000E+00
 -2           0.00000E+00 0.00000E+00
 -1        17 0.00000E+00 0.00000E+00 0.00000E+00 0.00000E+00 0.00000E+00 0.00000E+00
 -2           0.00000E+00 0.00000E+00
 -1        18 0.00000E+00 0.00000E+00 0.00000E+00 0.00000E+00 0.00000E+00 0.00000E+00
 -2           0.00000E+00 0.00000E+00
 -1        19 0.00000E+00 0.00000E+00 0.00000E+00 0.00000E+00 0.00000E+00 0.00000E+00
 -2           0.00000E+00 0.00000E+00
 -1        20 0.00000E+00 0.00000E+00 0.00000E+00 0.00000E+00 0.00000E+00 0.00000E+00
 -2           0.00000E+00 0.00000E+00
 -1        21 0.00000E+00 0.00000E+00 0.00000E+00 0.00000E+00 0.00000E+00 0.00000E+00
 -2           0.00000E+00 0.00000E+00
 -1        22 0.00000E+00 0.00000E+00 0.00000E+00 0.00000E+00 0.00000E+00 0.00000E+00
 -2           0.00000E+00 0.00000E+00
 -1        23 0.00000E+00 0.00000E+00 0.00000E+00 0.00000E+00 0.00000E+00 0.00000E+00
 -2           0.00000E+00 0.00000E+00
 -1        24 0.00000E+00 0.00000E+00 0.00000E+00 0.00000E+00 0.00000E+00 0.00000E+00
 -2           0.00000E+00 0.00000E+00
 -1        25 0.00000E+00 0.00000E+00 0.00000E+00 0.00000E+00 0.00000E+00 0.00000E+00
 -2           0.00000E+00 0.00000E+00
 -1        26 0.00000E+00 0.00000E+00 0.00000E+00 0.00000E+00 0.00000E+00 0.00000E+00
 -2           0.00000E+00 0.00000E+00
 -1        27 0.00000E+00 0.00000E+00 0.00000E+00 0.00000E+00 0.00000E+00 0.00000E+00
 -2           0.00000E+00 0.00000E+00
 -1        28 0.00000E+00 0.00000E+00 0.00000E+00 0.00000E+00 0.00000E+00 0.00000E+00
 -2           0.00000E+00 0.00000E+00
 -1        29 0.00000E+00 0.00000E+00 0.00000E+00 0.00000E+00 0.00000E+00 0.00000E+00
 -2           0.00000E+00 0.00000E+00
 -1        30 0.00000E+00 0.00000E+00 0.00000E+00 0.00000E+00 0.00000E+00 0.00000E+00
 -2           0.00000E+00 0.00000E+00
 -1        31 0.00000E+00 0.00000E+00 0.00000E+00 0.00000E+00 0.00000E+00 0.00000E+00
 -2           0.00000E+00 0.00000E+00
 -1        32 0.00000E+00 0.00000E+00 0.00000E+00 0.00000E+00 0.00000E+00 0.00000E+00
 -2           0.00000E+00 0.00000E+00
 -1        33 0.00000E+00 0.00000E+00 0.00000E+00 0.00000E+00 0.00000E+00 0.00000E+00
 -2           0.00000E+00 0.00000E+00
 -1        34 0.00000E+00 0.00000E+00 0.00000E+00 0.00000E+00 0.00000E+00 0.00000E+00
 -2           0.00000E+00 0.00000E+00
 -1        35 0.00000E+00 0.00000E+00 0.00000E+00 0.00000E+00 0.00000E+00 0.00000E+00
 -2           0.00000E+00 0.00000E+00
 -1        36 0.00000E+00 0.00000E+00 0.00000E+00 0.00000E+00 0.00000E+00 0.00000E+00
 -2           0.00000E+00 0.00000E+00
 -1        37 0.00000E+00 0.00000E+00 0.00000E+00 0.00000E+00 0.00000E+00 0.00000E+00
 -2           0.00000E+00 0.00000E+00
 -1        38 0.00000E+00 0.00000E+00 0.00000E+00 0.00000E+00 0.00000E+00 0.00000E+00
 -2           0.00000E+00 0.00000E+00
 -1        39 0.00000E+00 0.00000E+00 0.00000E+00 0.00000E+00 0.00000E+00 0.00000E+00
 -2           0.00000E+00 0.00000E+00
 -1        40 0.00000E+00 0.00000E+00 0.00000E+00 0.00000E+00 0.00000E+00 0.00000E+00
 -2           0.00000E+00 0.00000E+00
 -1        41 0.00000E+00 0.00000E+00 0.00000E+00 0.00000E+00 0.00000E+00 0.00000E+00
 -2           0.00000E+00 0.00000E+00
 -1        42 0.00000E+00 0.00000E+00 0.00000E+00 0.00000E+00 0.00000E+00 0.00000E+00
 -2           0.00000E+00 0.00000E+00
 -1        43 0.00000E+00 0.00000E+00 0.00000E+00 0.00000E+00 0.00000E+00 0.00000E+00
 -2           0.00000E+00 0.00000E+00
 -1        44 0.00000E+00 0.00000E+00 0.00000E+00 0.00000E+00 0.00000E+00 0.00000E+00
 -2           0.00000E+00 0.00000E+00
 -1        45 0.00000E+00 0.00000E+00 0.00000E+00 0.00000E+00 0.00000E+00 0.00000E+00
 -2           0.00000E+00 0.00000E+00
 -1        46 0.00000E+00 0.00000E+00 0.00000E+00 0.00000E+00 0.00000E+00 0.00000E+00
 -2           0.00000E+00 0.00000E+00
 -1        47 0.00000E+00 0.00000E+00 0.00000E+00 0.00000E+00 0.00000E+00 0.00000E+00
 -2           0.00000E+00 0.00000E+00
 -1        48 0.00000E+00 0.00000E+00 0.00000E+00 0.00000E+00 0.00000E+00 0.00000E+00
 -2           0.00000E+00 0.00000E+00
 -1        49 0.00000E+00 0.00000E+00 0.00000E+00 0.00000E+00 0.00000E+00 0.00000E+00
 -2           0.00000E+00 0.00000E+00
 -1        50 0.00000E+00 0.00000E+00 0.00000E+00 0.00000E+00 0.00000E+00 0.00000E+00
 -2           0.00000E+00 0.00000E+00
 -1        51 0.00000E+00 0.00000E+00 0.00000E+00 0.00000E+00 0.00000E+00 0.00000E+00
 -2           0.00000E+00 0.00000E+00
 -1        52 0.00000E+00 0.00000E+00 0.00000E+00 0.00000E+00 0.00000E+00 0.00000E+00
 -2           0.00000E+00 0.00000E+00
 -1        53 0.00000E+00 0.00000E+00 0.00000E+00 0.00000E+00 0.00000E+00 0.00000E+00
 -2           0.00000E+00 0.00000E+00
 -1        54 0.00000E+00 0.00000E+00 0.00000E+00 0.00000E+00 0.00000E+00 0.00000E+00
 -2           0.00000E+00 0.00000E+00
 -1        55 0.00000E+00 0.00000E+00 0.00000E+00 0.00000E+00 0.00000E+00 0.00000E+00
 -2           0.00000E+00 0.00000E+00
 -1        56 0.00000E+00 0.00000E+00 0.00000E+00 0.00000E+00 0.00000E+00 0.00000E+00
 -2           0.00000E+00 0.00000E+00
 -1        57 0.00000E+00 0.00000E+00 0.00000E+00 0.00000E+00 0.00000E+00 0.00000E+00
 -2           0.00000E+00 0.00000E+00
 -1        58 0.00000E+00 0.00000E+00 0.00000E+00 0.00000E+00 0.00000E+00 0.00000E+00
 -2           0.00000E+00 0.00000E+00
 -1        59 0.00000E+00 0.00000E+00 0.00000E+00 0.00000E+00 0.00000E+00 0.00000E+00
 -2           0.00000E+00 0.00000E+00
 -1        60 0.00000E+00 0.00000E+00 0.00000E+00 0.00000E+00 0.00000E+00 0.00000E+00
 -2           0.00000E+00 0.00000E+00
 -1        61 0.00000E+00 0.00000E+00 0.00000E+00 0.00000E+00 0.00000E+00 0.00000E+00
 -2           0.00000E+00 0.00000E+00
 -1        62 0.00000E+00 0.00000E+00 0.00000E+00 0.00000E+00 0.00000E+00 0.00000E+00
 -2           0.00000E+00 0.00000E+00
 -1        63 0.00000E+00 0.00000E+00 0.00000E+00 0.00000E+00 0.00000E+00 0.00000E+00
 -2           0.00000E+00 0.00000E+00
 -1        64 0.00000E+00 0.00000E+00 0.00000E+00 0.00000E+00 0.00000E+00 0.00000E+00
 -2           0.00000E+00 0.00000E+00
 -1        65 0.00000E+00 0.00000E+00 0.00000E+00 0.00000E+00 0.00000E+00 0.00000E+00
 -2           0.00000E+00 0.00000E+00
 -1        66 0.00000E+00 0.00000E+00 0.00000E+00 0.00000E+00 0.00000E+00 0.00000E+00
 -2           0.00000E+00 0.00000E+00
 -1        67 0.00000E+00 0.00000E+00 0.00000E+00 0.00000E+00 0.00000E+00 0.00000E+00
 -2           0.00000E+00 0.00000E+00
 -1        68 0.00000E+00 0.00000E+00 0.00000E+00 0.00000E+00 0.00000E+00 0.00000E+00
 -2           0.00000E+00 0.00000E+00
 -1        69 0.00000E+00 0.00000E+00 0.00000E+00 0.00000E+00 0.00000E+00 0.00000E+00
 -2           0.00000E+00 0.00000E+00
 -1        70 0.00000E+00 0.00000E+00 0.00000E+00 0.00000E+00 0.00000E+00 0.00000E+00
 -2           0.00000E+00 0.00000E+00
 -1        71 0.00000E+00 0.00000E+00 0.00000E+00 0.00000E+00 0.00000E+00 0.00000E+00
 -2           0.00000E+00 0.00000E+00
 -1        72 0.00000E+00 0.00000E+00 0.00000E+00 0.00000E+00 0.00000E+00 0.00000E+00
 -2           0.00000E+00 0.00000E+00
 -1        73 0.00000E+00 0.00000E+00 0.00000E+00 0.00000E+00 0.00000E+00 0.00000E+00
 -2           0.00000E+00 0.00000E+00
 -1        74 0.00000E+00 0.00000E+00 0.00000E+00 0.00000E+00 0.00000E+00 0.00000E+00
 -2           0.00000E+00 0.00000E+00
 -1        75 0.00000E+00 0.00000E+00 0.00000E+00 0.00000E+00 0.00000E+00 0.00000E+00
 -2           0.00000E+00 0.00000E+00
 -1        76 0.00000E+00 0.00000E+00 0.00000E+00 0.00000E+00 0.00000E+00 0.00000E+00
 -2           0.00000E+00 0.00000E+00
 -1        77 0.00000E+00 0.00000E+00 0.00000E+00 0.00000E+00 0.00000E+00 0.00000E+00
 -2           0.00000E+00 0.00000E+00
 -1        78 0.00000E+00 0.00000E+00 0.00000E+00 0.00000E+00 0.00000E+00 0.00000E+00
 -2           0.00000E+00 0.00000E+00
 -1        79 0.00000E+00 0.00000E+00 0.00000E+00 0.00000E+00 0.00000E+00 0.00000E+00
 -2           0.00000E+00 0.00000E+00
 -1        80 0.00000E+00 0.00000E+00 0.00000E+00 0.00000E+00 0.00000E+00 0.00000E+00
 -2           0.00000E+00 0.00000E+00
 -1        81 0.00000E+00 0.00000E+00 0.00000E+00 0.00000E+00 0.00000E+00 0.00000E+00
 -2           0.00000E+00 0.00000E+00
 -1        82 0.00000E+00 0.00000E+00 0.00000E+00 0.00000E+00 0.00000E+00 0.00000E+00
 -2           0.00000E+00 0.00000E+00
 -1        83 0.00000E+00 0.00000E+00 0.00000E+00 0.00000E+00 0.00000E+00 0.00000E+00
 -2           0.00000E+00 0.00000E+00
 -1        84 0.00000E+00 0.00000E+00 0.00000E+00 0.00000E+00 0.00000E+00 0.00000E+00
 -2           0.00000E+00 0.00000E+00
 -1        85 0.00000E+00 0.00000E+00 0.00000E+00 0.00000E+00 0.00000E+00 0.00000E+00
 -2           0.00000E+00 0.00000E+00
 -1        86 0.00000E+00 0.00000E+00 0.00000E+00 0.00000E+00 0.00000E+00 0.00000E+00
 -2           0.00000E+00 0.00000E+00
 -1        87 0.00000E+00 0.00000E+00 0.00000E+00 0.00000E+00 0.00000E+00 0.00000E+00
 -2           0.00000E+00 0.00000E+00
 -1        88 0.00000E+00 0.00000E+00 0.00000E+00 0.00000E+00 0.00000E+00 0.00000E+00
 -2           0.00000E+00 0.00000E+00
 -1        89 0.00000E+00 0.00000E+00 0.00000E+00 0.00000E+00 0.00000E+00 0.00000E+00
 -2           0.00000E+00 0.00000E+00
 -1        90 0.00000E+00 0.00000E+00 0.00000E+00 0.00000E+00 0.00000E+00 0.00000E+00
 -2           0.00000E+00 0.00000E+00
 -1        91 0.00000E+00 0.00000E+00 0.00000E+00 0.00000E+00 0.00000E+00 0.00000E+00
 -2           0.00000E+00 0.00000E+00
 -1        92 0.00000E+00 0.00000E+00 0.00000E+00 0.00000E+00 0.00000E+00 0.00000E+00
 -2           0.00000E+00 0.00000E+00
 -1        93 0.00000E+00 0.00000E+00 0.00000E+00 0.00000E+00 0.00000E+00 0.00000E+00
 -2           0.00000E+00 0.00000E+00
 -1        94 0.00000E+00 0.00000E+00 0.00000E+00 0.00000E+00 0.00000E+00 0.00000E+00
 -2           0.00000E+00 0.00000E+00
 -1        95 0.00000E+00 0.00000E+00 0.00000E+00 0.00000E+00 0.00000E+00 0.00000E+00
 -2           0.00000E+00 0.00000E+00
 -1        96 0.00000E+00 0.00000E+00 0.00000E+00 0.00000E+00 0.00000E+00 0.00000E+00
 -2           0.00000E+00 0.00000E+00
 -1        97 0.00000E+00 0.00000E+00 0.00000E+00 0.00000E+00 0.00000E+00 0.00000E+00
 -2           0.00000E+00 0.00000E+00
 -1        98 0.00000E+00 0.00000E+00 0.00000E+00 0.00000E+00 0.00000E+00 0.00000E+00
 -2           0.00000E+00 0.00000E+00
 -1        99 0.00000E+00 0.00000E+00 0.00000E+00 0.00000E+00 0.00000E+00 0.00000E+00
 -2           0.00000E+00 0.00000E+00
 -1       100 0.00000E+00 0.00000E+00 0.00000E+00 0.00000E+00 0.00000E+00 0.00000E+00
 -2           0.00000E+00 0.00000E+00
 -1       101 0.00000E+00 0.00000E+00 0.00000E+00 0.00000E+00 0.00000E+00 0.00000E+00
 -2           0.00000E+00 0.00000E+00
 -1       102 0.00000E+00 0.00000E+00 0.00000E+00 0.00000E+00 0.00000E+00 0.00000E+00
 -2           0.00000E+00 0.00000E+00
 -1       103 0.00000E+00 0.00000E+00 0.00000E+00 0.00000E+00 0.00000E+00 0.00000E+00
 -2           0.00000E+00 0.00000E+00
 -1       104 0.00000E+00 0.00000E+00 0.00000E+00 0.00000E+00 0.00000E+00 0.00000E+00
 -2           0.00000E+00 0.00000E+00
 -1       105 0.00000E+00 0.00000E+00 0.00000E+00 0.00000E+00 0.00000E+00 0.00000E+00
 -2           0.00000E+00 0.00000E+00
 -1       106 0.00000E+00 0.00000E+00 0.00000E+00 0.00000E+00 0.00000E+00 0.00000E+00
 -2           0.00000E+00 0.00000E+00
 -1       107 0.00000E+00 0.00000E+00 0.00000E+00 0.00000E+00 0.00000E+00 0.00000E+00
 -2           0.00000E+00 0.00000E+00
 -1       108 0.00000E+00 0.00000E+00 0.00000E+00 0.00000E+00 0.00000E+00 0.00000E+00
 -2           0.00000E+00 0.00000E+00
 -1       109 0.00000E+00 0.00000E+00 0.00000E+00 0.00000E+00 0.00000E+00 0.00000E+00
 -2           0.00000E+00 0.00000E+00
 -1       110 0.00000E+00 0.00000E+00 0.00000E+00 0.00000E+00 0.00000E+00 0.00000E+00
 -2           0.00000E+00 0.00000E+00
 -1       111 0.00000E+00 0.00000E+00 0.00000E+00 0.00000E+00 0.00000E+00 0.00000E+00
 -2           0.00000E+00 0.00000E+00
 -1       112 0.00000E+00 0.00000E+00 0.00000E+00 0.00000E+00 0.00000E+00 0.00000E+00
 -2           0.00000E+00 0.00000E+00
 -1       113 0.00000E+00 0.00000E+00 0.00000E+00 0.00000E+00 0.00000E+00 0.00000E+00
 -2           0.00000E+00 0.00000E+00
 -1       114 0.00000E+00 0.00000E+00 0.00000E+00 0.00000E+00 0.00000E+00 0.00000E+00
 -2           0.00000E+00 0.00000E+00
 -1       115 0.00000E+00 0.00000E+00 0.00000E+00 0.00000E+00 0.00000E+00 0.00000E+00
 -2           0.00000E+00 0.00000E+00
 -1       116 0.00000E+00 0.00000E+00 0.00000E+00 0.00000E+00 0.00000E+00 0.00000E+00
 -2           0.00000E+00 0.00000E+00
 -1       117 0.00000E+00 0.00000E+00 0.00000E+00 0.00000E+00 0.00000E+00 0.00000E+00
 -2           0.00000E+00 0.00000E+00
 -1       118 0.00000E+00 0.00000E+00 0.00000E+00 0.00000E+00 0.00000E+00 0.00000E+00
 -2           0.00000E+00 0.00000E+00
 -1       119 0.00000E+00 0.00000E+00 0.00000E+00 0.00000E+00 0.00000E+00 0.00000E+00
 -2           0.00000E+00 0.00000E+00
 -1       120 0.00000E+00 0.00000E+00 0.00000E+00 0.00000E+00 0.00000E+00 0.00000E+00
 -2           0.00000E+00 0.00000E+00
 -1       121 0.00000E+00 0.00000E+00 0.00000E+00 0.00000E+00 0.00000E+00 0.00000E+00
 -2           0.00000E+00 0.00000E+00
 -1       122 0.00000E+00 0.00000E+00 0.00000E+00 0.00000E+00 0.00000E+00 0.00000E+00
 -2           0.00000E+00 0.00000E+00
 -1       123 0.00000E+00 0.00000E+00 0.00000E+00 0.00000E+00 0.00000E+00 0.00000E+00
 -2           0.00000E+00 0.00000E+00
 -1       124 0.00000E+00 0.00000E+00 0.00000E+00 0.00000E+00 0.00000E+00 0.00000E+00
 -2           0.00000E+00 0.00000E+00
 -1       125 0.00000E+00 0.00000E+00 0.00000E+00 0.00000E+00 0.00000E+00 0.00000E+00
 -2           0.00000E+00 0.00000E+00
 -1       126 0.00000E+00 0.00000E+00 0.00000E+00 0.00000E+00 0.00000E+00 0.00000E+00
 -2           0.00000E+00 0.00000E+00
 -1       127 0.00000E+00 0.00000E+00 0.00000E+00 0.00000E+00 0.00000E+00 0.00000E+00
 -2           0.00000E+00 0.00000E+00
 -1       128 0.00000E+00 0.00000E+00 0.00000E+00 0.00000E+00 0.00000E+00 0.00000E+00
 -2           0.00000E+00 0.00000E+00
 -1       129 0.00000E+00 0.00000E+00 0.00000E+00 0.00000E+00 0.00000E+00 0.00000E+00
 -2           0.00000E+00 0.00000E+00
 -1       130 0.00000E+00 0.00000E+00 0.00000E+00 0.00000E+00 0.00000E+00 0.00000E+00
 -2           0.00000E+00 0.00000E+00
 -1       131 0.00000E+00 0.00000E+00 0.00000E+00 0.00000E+00 0.00000E+00 0.00000E+00
 -2           0.00000E+00 0.00000E+00
 -1       132 0.00000E+00 0.00000E+00 0.00000E+00 0.00000E+00 0.00000E+00 0.00000E+00
 -2           0.00000E+00 0.00000E+00
 -1       133 0.00000E+00 0.00000E+00 0.00000E+00 0.00000E+00 0.00000E+00 0.00000E+00
 -2           0.00000E+00 0.00000E+00
 -1       134 0.00000E+00 0.00000E+00 0.00000E+00 0.00000E+00 0.00000E+00 0.00000E+00
 -2           0.00000E+00 0.00000E+00
 -1       135 0.00000E+00 0.00000E+00 0.00000E+00 0.00000E+00 0.00000E+00 0.00000E+00
 -2           0.00000E+00 0.00000E+00
 -1       136 0.00000E+00 0.00000E+00 0.00000E+00 0.00000E+00 0.00000E+00 0.00000E+00
 -2           0.00000E+00 0.00000E+00
 -1       137 0.00000E+00 0.00000E+00 0.00000E+00 0.00000E+00 0.00000E+00 0.00000E+00
 -2           0.00000E+00 0.00000E+00
 -1       138 0.00000E+00 0.00000E+00 0.00000E+00 0.00000E+00 0.00000E+00 0.00000E+00
 -2           0.00000E+00 0.00000E+00
 -1       139 0.00000E+00 0.00000E+00 0.00000E+00 0.00000E+00 0.00000E+00 0.00000E+00
 -2           0.00000E+00 0.00000E+00
 -1       140 0.00000E+00 0.00000E+00 0.00000E+00 0.00000E+00 0.00000E+00 0.00000E+00
 -2           0.00000E+00 0.00000E+00
 -1       141 0.00000E+00 0.00000E+00 0.00000E+00 0.00000E+00 0.00000E+00 0.00000E+00
 -2           0.00000E+00 0.00000E+00
 -1       142 0.00000E+00 0.00000E+00 0.00000E+00 0.00000E+00 0.00000E+00 0.00000E+00
 -2           0.00000E+00 0.00000E+00
 -1       143 0.00000E+00 0.00000E+00 0.00000E+00 0.00000E+00 0.00000E+00 0.00000E+00
 -2           0.00000E+00 0.00000E+00
 -1       144 0.00000E+00 0.00000E+00 0.00000E+00 0.00000E+00 0.00000E+00 0.00000E+00
 -2           0.00000E+00 0.00000E+00
 -1       145 0.00000E+00 0.00000E+00 0.00000E+00 0.00000E+00 0.00000E+00 0.00000E+00
 -2           0.00000E+00 0.00000E+00
 -1       146 0.00000E+00 0.00000E+00 0.00000E+00 0.00000E+00 0.00000E+00 0.00000E+00
 -2           0.00000E+00 0.00000E+00
 -1       147 0.00000E+00 0.00000E+00 0.00000E+00 0.00000E+00 0.00000E+00 0.00000E+00
 -2           0.00000E+00 0.00000E+00
 -1       148 0.00000E+00 0.00000E+00 0.00000E+00 0.00000E+00 0.00000E+00 0.00000E+00
 -2           0.00000E+00 0.00000E+00
 -1       149 0.00000E+00 0.00000E+00 0.00000E+00 0.00000E+00 0.00000E+00 0.00000E+00
 -2           0.00000E+00 0.00000E+00
 -1       150 0.00000E+00 0.00000E+00 0.00000E+00 0.00000E+00 0.00000E+00 0.00000E+00
 -2           0.00000E+00 0.00000E+00
 -1       151 0.00000E+00 0.00000E+00 0.00000E+00 0.00000E+00 0.00000E+00 0.00000E+00
 -2           0.00000E+00 0.00000E+00
 -1       152 0.00000E+00 0.00000E+00 0.00000E+00 0.00000E+00 0.00000E+00 0.00000E+00
 -2           0.00000E+00 0.00000E+00
 -1       153 0.00000E+00 0.00000E+00 0.00000E+00 0.00000E+00 0.00000E+00 0.00000E+00
 -2           0.00000E+00 0.00000E+00
 -1       154 0.00000E+00 0.00000E+00 0.00000E+00 0.00000E+00 0.00000E+00 0.00000E+00
 -2           0.00000E+00 0.00000E+00
 -1       155 0.00000E+00 0.00000E+00 0.00000E+00 0.00000E+00 0.00000E+00 0.00000E+00
 -2           0.00000E+00 0.00000E+00
 -1       156 0.00000E+00 0.00000E+00 0.00000E+00 0.00000E+00 0.00000E+00 0.00000E+00
 -2           0.00000E+00 0.00000E+00
 -1       157 0.00000E+00 0.00000E+00 0.00000E+00 0.00000E+00 0.00000E+00 0.00000E+00
 -2           0.00000E+00 0.00000E+00
 -1       158 0.00000E+00 0.00000E+00 0.00000E+00 0.00000E+00 0.00000E+00 0.00000E+00
 -2           0.00000E+00 0.00000E+00
 -1       159 0.00000E+00 0.00000E+00 0.00000E+00 0.00000E+00 0.00000E+00 0.00000E+00
 -2           0.00000E+00 0.00000E+00
 -1       160 0.00000E+00 0.00000E+00 0.00000E+00 0.00000E+00 0.00000E+00 0.00000E+00
 -2           0.00000E+00 0.00000E+00
 -1       161 0.00000E+00 0.00000E+00 0.00000E+00 0.00000E+00 0.00000E+00 0.00000E+00
 -2           0.00000E+00 0.00000E+00
 -1       162 0.00000E+00 0.00000E+00 0.00000E+00 0.00000E+00 0.00000E+00 0.00000E+00
 -2           0.00000E+00 0.00000E+00
 -1       163 0.00000E+00 0.00000E+00 0.00000E+00 0.00000E+00 0.00000E+00 0.00000E+00
 -2           0.00000E+00 0.00000E+00
 -1       164 0.00000E+00 0.00000E+00 0.00000E+00 0.00000E+00 0.00000E+00 0.00000E+00
 -2           0.00000E+00 0.00000E+00
 -1       165 0.00000E+00 0.00000E+00 0.00000E+00 0.00000E+00 0.00000E+00 0.00000E+00
 -2           0.00000E+00 0.00000E+00
 -1       166 0.00000E+00 0.00000E+00 0.00000E+00 0.00000E+00 0.00000E+00 0.00000E+00
 -2           0.00000E+00 0.00000E+00
 -1       167 0.00000E+00 0.00000E+00 0.00000E+00 0.00000E+00 0.00000E+00 0.00000E+00
 -2           0.00000E+00 0.00000E+00
 -1       168 0.00000E+00 0.00000E+00 0.00000E+00 0.00000E+00 0.00000E+00 0.00000E+00
 -2           0.00000E+00 0.00000E+00
 -1       169 0.00000E+00 0.00000E+00 0.00000E+00 0.00000E+00 0.00000E+00 0.00000E+00
 -2           0.00000E+00 0.00000E+00
 -1       170 0.00000E+00 0.00000E+00 0.00000E+00 0.00000E+00 0.00000E+00 0.00000E+00
 -2           0.00000E+00 0.00000E+00
 -1       171 0.00000E+00 0.00000E+00 0.00000E+00 0.00000E+00 0.00000E+00 0.00000E+00
 -2           0.00000E+00 0.00000E+00
 -1       172 0.00000E+00 0.00000E+00 0.00000E+00 0.00000E+00 0.00000E+00 0.00000E+00
 -2           0.00000E+00 0.00000E+00
 -1       173 0.00000E+00 0.00000E+00 0.00000E+00 0.00000E+00 0.00000E+00 0.00000E+00
 -2           0.00000E+00 0.00000E+00
 -1       174 0.00000E+00 0.00000E+00 0.00000E+00 0.00000E+00 0.00000E+00 0.00000E+00
 -2           0.00000E+00 0.00000E+00
 -1       175 0.00000E+00 0.00000E+00 0.00000E+00 0.00000E+00 0.00000E+00 0.00000E+00
 -2           0.00000E+00 0.00000E+00
 -1       176 0.00000E+00 0.00000E+00 0.00000E+00 0.00000E+00 0.00000E+00 0.00000E+00
 -2           0.00000E+00 0.00000E+00
 -1       177 0.00000E+00 0.00000E+00 0.00000E+00 0.00000E+00 0.00000E+00 0.00000E+00
 -2           0.00000E+00 0.00000E+00
 -1       178 0.00000E+00 0.00000E+00 0.00000E+00 0.00000E+00 0.00000E+00 0.00000E+00
 -2           0.00000E+00 0.00000E+00
 -1       179 0.00000E+00 0.00000E+00 0.00000E+00 0.00000E+00 0.00000E+00 0.00000E+00
 -2           0.00000E+00 0.00000E+00
 -1       180 0.00000E+00 0.00000E+00 0.00000E+00 0.00000E+00 0.00000E+00 0.00000E+00
 -2           0.00000E+00 0.00000E+00
 -1       181 0.00000E+00 0.00000E+00 0.00000E+00 0.00000E+00 0.00000E+00 0.00000E+00
 -2           0.00000E+00 0.00000E+00
 -1       182 0.00000E+00 0.00000E+00 0.00000E+00 0.00000E+00 0.00000E+00 0.00000E+00
 -2           0.00000E+00 0.00000E+00
 -1       183 0.00000E+00 0.00000E+00 0.00000E+00 0.00000E+00 0.00000E+00 0.00000E+00
 -2           0.00000E+00 0.00000E+00
 -1       184 0.00000E+00 0.00000E+00 0.00000E+00 0.00000E+00 0.00000E+00 0.00000E+00
 -2           0.00000E+00 0.00000E+00
 -1       185 0.00000E+00 0.00000E+00 0.00000E+00 0.00000E+00 0.00000E+00 0.00000E+00
 -2           0.00000E+00 0.00000E+00
 -1       186 0.00000E+00 0.00000E+00 0.00000E+00 0.00000E+00 0.00000E+00 0.00000E+00
 -2           0.00000E+00 0.00000E+00
 -1       187 0.00000E+00 0.00000E+00 0.00000E+00 0.00000E+00 0.00000E+00 0.00000E+00
 -2           0.00000E+00 0.00000E+00
 -1       188 0.00000E+00 0.00000E+00 0.00000E+00 0.00000E+00 0.00000E+00 0.00000E+00
 -2           0.00000E+00 0.00000E+00
 -1       189 0.00000E+00 0.00000E+00 0.00000E+00 0.00000E+00 0.00000E+00 0.00000E+00
 -2           0.00000E+00 0.00000E+00
 -1       190 0.00000E+00 0.00000E+00 0.00000E+00 0.00000E+00 0.00000E+00 0.00000E+00
 -2           0.00000E+00 0.00000E+00
 -1       191 0.00000E+00 0.00000E+00 0.00000E+00 0.00000E+00 0.00000E+00 0.00000E+00
 -2           0.00000E+00 0.00000E+00
 -1       192 0.00000E+00 0.00000E+00 0.00000E+00 0.00000E+00 0.00000E+00 0.00000E+00
 -2           0.00000E+00 0.00000E+00
 -1       193 0.00000E+00 0.00000E+00 0.00000E+00 0.00000E+00 0.00000E+00 0.00000E+00
 -2           0.00000E+00 0.00000E+00
 -1       194 0.00000E+00 0.00000E+00 0.00000E+00 0.00000E+00 0.00000E+00 0.00000E+00
 -2           0.00000E+00 0.00000E+00
 -1       195 0.00000E+00 0.00000E+00 0.00000E+00 0.00000E+00 0.00000E+00 0.00000E+00
 -2           0.00000E+00 0.00000E+00
 -1       196 0.00000E+00 0.00000E+00 0.00000E+00 0.00000E+00 0.00000E+00 0.00000E+00
 -2           0.00000E+00 0.00000E+00
 -1       197 0.00000E+00 0.00000E+00 0.00000E+00 0.00000E+00 0.00000E+00 0.00000E+00
 -2           0.00000E+00 0.00000E+00
 -1       198 0.00000E+00 0.00000E+00 0.00000E+00 0.00000E+00 0.00000E+00 0.00000E+00
 -2           0.00000E+00 0.00000E+00
 -1       199 0.00000E+00 0.00000E+00 0.00000E+00 0.00000E+00 0.00000E+00 0.00000E+00
 -2           0.00000E+00 0.00000E+00
 -1       200 0.00000E+00 0.00000E+00 0.00000E+00 0.00000E+00 0.00000E+00 0.00000E+00
 -2           0.00000E+00 0.00000E+00
 -1       201 0.00000E+00 0.00000E+00 0.00000E+00 0.00000E+00 0.00000E+00 0.00000E+00
 -2           0.00000E+00 0.00000E+00
 -1       202 0.00000E+00 0.00000E+00 0.00000E+00 0.00000E+00 0.00000E+00 0.00000E+00
 -2           0.00000E+00 0.00000E+00
 -1       203 0.00000E+00 0.00000E+00 0.00000E+00 0.00000E+00 0.00000E+00 0.00000E+00
 -2           0.00000E+00 0.00000E+00
 -1       204 0.00000E+00 0.00000E+00 0.00000E+00 0.00000E+00 0.00000E+00 0.00000E+00
 -2           0.00000E+00 0.00000E+00
 -1       205 0.00000E+00 0.00000E+00 0.00000E+00 0.00000E+00 0.00000E+00 0.00000E+00
 -2           0.00000E+00 0.00000E+00
 -1       206 0.00000E+00 0.00000E+00 0.00000E+00 0.00000E+00 0.00000E+00 0.00000E+00
 -2           0.00000E+00 0.00000E+00
 -1       207 0.00000E+00 0.00000E+00 0.00000E+00 0.00000E+00 0.00000E+00 0.00000E+00
 -2           0.00000E+00 0.00000E+00
 -1       208 0.00000E+00 0.00000E+00 0.00000E+00 0.00000E+00 0.00000E+00 0.00000E+00
 -2           0.00000E+00 0.00000E+00
 -1       209 0.00000E+00 0.00000E+00 0.00000E+00 0.00000E+00 0.00000E+00 0.00000E+00
 -2           0.00000E+00 0.00000E+00
 -1       210 0.00000E+00 0.00000E+00 0.00000E+00 0.00000E+00 0.00000E+00 0.00000E+00
 -2           0.00000E+00 0.00000E+00
 -1       211 0.00000E+00 0.00000E+00 0.00000E+00 0.00000E+00 0.00000E+00 0.00000E+00
 -2           0.00000E+00 0.00000E+00
 -1       212 0.00000E+00 0.00000E+00 0.00000E+00 0.00000E+00 0.00000E+00 0.00000E+00
 -2           0.00000E+00 0.00000E+00
 -1       213 0.00000E+00 0.00000E+00 0.00000E+00 0.00000E+00 0.00000E+00 0.00000E+00
 -2           0.00000E+00 0.00000E+00
 -1       214 0.00000E+00 0.00000E+00 0.00000E+00 0.00000E+00 0.00000E+00 0.00000E+00
 -2           0.00000E+00 0.00000E+00
 -1       215 0.00000E+00 0.00000E+00 0.00000E+00 0.00000E+00 0.00000E+00 0.00000E+00
 -2           0.00000E+00 0.00000E+00
 -1       216 0.00000E+00 0.00000E+00 0.00000E+00 0.00000E+00 0.00000E+00 0.00000E+00
 -2           0.00000E+00 0.00000E+00
 -1       217 0.00000E+00 0.00000E+00 0.00000E+00 0.00000E+00 0.00000E+00 0.00000E+00
 -2           0.00000E+00 0.00000E+00
 -1       218 0.00000E+00 0.00000E+00 0.00000E+00 0.00000E+00 0.00000E+00 0.00000E+00
 -2           0.00000E+00 0.00000E+00
 -1       219 0.00000E+00 0.00000E+00 0.00000E+00 0.00000E+00 0.00000E+00 0.00000E+00
 -2           0.00000E+00 0.00000E+00
 -1       220 0.00000E+00 0.00000E+00 0.00000E+00 0.00000E+00 0.00000E+00 0.00000E+00
 -2           0.00000E+00 0.00000E+00
 -1       221 0.00000E+00 0.00000E+00 0.00000E+00 0.00000E+00 0.00000E+00 0.00000E+00
 -2           0.00000E+00 0.00000E+00
 -1       222 0.00000E+00 0.00000E+00 0.00000E+00 0.00000E+00 0.00000E+00 0.00000E+00
 -2           0.00000E+00 0.00000E+00
 -1       223 0.00000E+00 0.00000E+00 0.00000E+00 0.00000E+00 0.00000E+00 0.00000E+00
 -2           0.00000E+00 0.00000E+00
 -1       224 0.00000E+00 0.00000E+00 0.00000E+00 0.00000E+00 0.00000E+00 0.00000E+00
 -2           0.00000E+00 0.00000E+00
 -1       225 0.00000E+00 0.00000E+00 0.00000E+00 0.00000E+00 0.00000E+00 0.00000E+00
 -2           0.00000E+00 0.00000E+00
 -1       226 0.00000E+00 0.00000E+00 0.00000E+00 0.00000E+00 0.00000E+00 0.00000E+00
 -2           0.00000E+00 0.00000E+00
 -1       227 0.00000E+00 0.00000E+00 0.00000E+00 0.00000E+00 0.00000E+00 0.00000E+00
 -2           0.00000E+00 0.00000E+00
 -1       228 0.00000E+00 0.00000E+00 0.00000E+00 0.00000E+00 0.00000E+00 0.00000E+00
 -2           0.00000E+00 0.00000E+00
 -1       229 0.00000E+00 0.00000E+00 0.00000E+00 0.00000E+00 0.00000E+00 0.00000E+00
 -2           0.00000E+00 0.00000E+00
 -1       230 0.00000E+00 0.00000E+00 0.00000E+00 0.00000E+00 0.00000E+00 0.00000E+00
 -2           0.00000E+00 0.00000E+00
 -1       231 0.00000E+00 0.00000E+00 0.00000E+00 0.00000E+00 0.00000E+00 0.00000E+00
 -2           0.00000E+00 0.00000E+00
 -1       232 0.00000E+00 0.00000E+00 0.00000E+00 0.00000E+00 0.00000E+00 0.00000E+00
 -2           0.00000E+00 0.00000E+00
 -1       233 0.00000E+00 0.00000E+00 0.00000E+00 0.00000E+00 0.00000E+00 0.00000E+00
 -2           0.00000E+00 0.00000E+00
 -1       234 0.00000E+00 0.00000E+00 0.00000E+00 0.00000E+00 0.00000E+00 0.00000E+00
 -2           0.00000E+00 0.00000E+00
 -1       235 0.00000E+00 0.00000E+00 0.00000E+00 0.00000E+00 0.00000E+00 0.00000E+00
 -2           0.00000E+00 0.00000E+00
 -1       236 0.00000E+00 0.00000E+00 0.00000E+00 0.00000E+00 0.00000E+00 0.00000E+00
 -2           0.00000E+00 0.00000E+00
 -1       237 0.00000E+00 0.00000E+00 0.00000E+00 0.00000E+00 0.00000E+00 0.00000E+00
 -2           0.00000E+00 0.00000E+00
 -1       238 0.00000E+00 0.00000E+00 0.00000E+00 0.00000E+00 0.00000E+00 0.00000E+00
 -2           0.00000E+00 0.00000E+00
 -1       239 0.00000E+00 0.00000E+00 0.00000E+00 0.00000E+00 0.00000E+00 0.00000E+00
 -2           0.00000E+00 0.00000E+00
 -1       240 0.00000E+00 0.00000E+00 0.00000E+00 0.00000E+00 0.00000E+00 0.00000E+00
 -2           0.00000E+00 0.00000E+00
 -1       241 0.00000E+00 0.00000E+00 0.00000E+00 0.00000E+00 0.00000E+00 0.00000E+00
 -2           0.00000E+00 0.00000E+00
 -1       242 0.00000E+00 0.00000E+00 0.00000E+00 0.00000E+00 0.00000E+00 0.00000E+00
 -2           0.00000E+00 0.00000E+00
 -1       243 0.00000E+00 0.00000E+00 0.00000E+00 0.00000E+00 0.00000E+00 0.00000E+00
 -2           0.00000E+00 0.00000E+00
 -1       244 0.00000E+00 0.00000E+00 0.00000E+00 0.00000E+00 0.00000E+00 0.00000E+00
 -2           0.00000E+00 0.00000E+00
 -1       245 0.00000E+00 0.00000E+00 0.00000E+00 0.00000E+00 0.00000E+00 0.00000E+00
 -2           0.00000E+00 0.00000E+00
 -1       246 0.00000E+00 0.00000E+00 0.00000E+00 0.00000E+00 0.00000E+00 0.00000E+00
 -2           0.00000E+00 0.00000E+00
 -1       247 0.00000E+00 0.00000E+00 0.00000E+00 0.00000E+00 0.00000E+00 0.00000E+00
 -2           0.00000E+00 0.00000E+00
 -1       248 0.00000E+00 0.00000E+00 0.00000E+00 0.00000E+00 0.00000E+00 0.00000E+00
 -2           0.00000E+00 0.00000E+00
 -1       249 0.00000E+00 0.00000E+00 0.00000E+00 0.00000E+00 0.00000E+00 0.00000E+00
 -2           0.00000E+00 0.00000E+00
 -1       250 0.00000E+00 0.00000E+00 0.00000E+00 0.00000E+00 0.00000E+00 0.00000E+00
 -2           0.00000E+00 0.00000E+00
 -1       251 0.00000E+00 0.00000E+00 0.00000E+00 0.00000E+00 0.00000E+00 0.00000E+00
 -2           0.00000E+00 0.00000E+00
 -1       252 0.00000E+00 0.00000E+00 0.00000E+00 0.00000E+00 0.00000E+00 0.00000E+00
 -2           0.00000E+00 0.00000E+00
 -1       253 0.00000E+00 0.00000E+00 0.00000E+00 0.00000E+00 0.00000E+00 0.00000E+00
 -2           0.00000E+00 0.00000E+00
 -1       254 0.00000E+00 0.00000E+00 0.00000E+00 0.00000E+00 0.00000E+00 0.00000E+00
 -2           0.00000E+00 0.00000E+00
 -1       255 0.00000E+00 0.00000E+00 0.00000E+00 0.00000E+00 0.00000E+00 0.00000E+00
 -2           0.00000E+00 0.00000E+00
 -1       256 0.00000E+00 0.00000E+00 0.00000E+00 0.00000E+00 0.00000E+00 0.00000E+00
 -2           0.00000E+00 0.00000E+00
 -1       257 0.00000E+00 0.00000E+00 0.00000E+00 0.00000E+00 0.00000E+00 0.00000E+00
 -2           0.00000E+00 0.00000E+00
 -1       258 0.00000E+00 0.00000E+00 0.00000E+00 0.00000E+00 0.00000E+00 0.00000E+00
 -2           0.00000E+00 0.00000E+00
 -1       259 0.00000E+00 0.00000E+00 0.00000E+00 0.00000E+00 0.00000E+00 0.00000E+00
 -2           0.00000E+00 0.00000E+00
 -1       260 0.00000E+00 0.00000E+00 0.00000E+00 0.00000E+00 0.00000E+00 0.00000E+00
 -2           0.00000E+00 0.00000E+00
 -1       261 0.00000E+00 0.00000E+00 0.00000E+00 0.00000E+00 0.00000E+00 0.00000E+00
 -2           0.00000E+00 0.00000E+00
 -1       262 0.00000E+00 0.00000E+00 0.00000E+00 0.00000E+00 0.00000E+00 0.00000E+00
 -2           0.00000E+00 0.00000E+00
 -1       263 0.00000E+00 0.00000E+00 0.00000E+00 0.00000E+00 0.00000E+00 0.00000E+00
 -2           0.00000E+00 0.00000E+00
 -1       264 0.00000E+00 0.00000E+00 0.00000E+00 0.00000E+00 0.00000E+00 0.00000E+00
 -2           0.00000E+00 0.00000E+00
 -1       265 0.00000E+00 0.00000E+00 0.00000E+00 0.00000E+00 0.00000E+00 0.00000E+00
 -2           0.00000E+00 0.00000E+00
 -1       266 0.00000E+00 0.00000E+00 0.00000E+00 0.00000E+00 0.00000E+00 0.00000E+00
 -2           0.00000E+00 0.00000E+00
 -3
    1PSTEP                         7           1           1
  100CL  101 1.00000E+00         266                     0    1           1
 -4  EXTFORC     7    1
 -5  F1          1    2    1    0
 -5  F2          1    2    2    0
 -5  F3          1    2    3    0
 -5  F4          1    1    4    0
 -5  F5          1    1    5    0
 -5  F6          1    1    6    0
 -5  ALL         1    2    0    0    1ALL
 -1         1 0.00000E+00 0.00000E+00 0.00000E+00 0.00000E+00 0.00000E+00 0.00000E+00
 -2           0.00000E+00
 -1         2 0.00000E+00 0.00000E+00 0.00000E+00 0.00000E+00 0.00000E+00 0.00000E+00
 -2           0.00000E+00
 -1         3 0.00000E+00 0.00000E+00 0.00000E+00 0.00000E+00 0.00000E+00 0.00000E+00
 -2           0.00000E+00
 -1         4 0.00000E+00 0.00000E+00 0.00000E+00 0.00000E+00 0.00000E+00 0.00000E+00
 -2           0.00000E+00
 -1         5 0.00000E+00 0.00000E+00 0.00000E+00 0.00000E+00 0.00000E+00 0.00000E+00
 -2           0.00000E+00
 -1         6 0.00000E+00 0.00000E+00 0.00000E+00 0.00000E+00 0.00000E+00 0.00000E+00
 -2           0.00000E+00
 -1         7 0.00000E+00 0.00000E+00 0.00000E+00 0.00000E+00 0.00000E+00 0.00000E+00
 -2           0.00000E+00
 -1         8 0.00000E+00 0.00000E+00 0.00000E+00 0.00000E+00 0.00000E+00 0.00000E+00
 -2           0.00000E+00
 -1         9 0.00000E+00 0.00000E+00 0.00000E+00 0.00000E+00 0.00000E+00 0.00000E+00
 -2           0.00000E+00
 -1        10 0.00000E+00 0.00000E+00 0.00000E+00 0.00000E+00 0.00000E+00 0.00000E+00
 -2           0.00000E+00
 -1        11 0.00000E+00 0.00000E+00 0.00000E+00 0.00000E+00 0.00000E+00 0.00000E+00
 -2           0.00000E+00
 -1        12 0.00000E+00 0.00000E+00 0.00000E+00 0.00000E+00 0.00000E+00 0.00000E+00
 -2           0.00000E+00
 -1        13 0.00000E+00 0.00000E+00 0.00000E+00 0.00000E+00 0.00000E+00 0.00000E+00
 -2           0.00000E+00
 -1        14 0.00000E+00 0.00000E+00 0.00000E+00 0.00000E+00 0.00000E+00 0.00000E+00
 -2           0.00000E+00
 -1        15 0.00000E+00 0.00000E+00 0.00000E+00 0.00000E+00 0.00000E+00 0.00000E+00
 -2           0.00000E+00
 -1        16 0.00000E+00 0.00000E+00 0.00000E+00 0.00000E+00 0.00000E+00 0.00000E+00
 -2           0.00000E+00
 -1        17 0.00000E+00 0.00000E+00 0.00000E+00 0.00000E+00 0.00000E+00 0.00000E+00
 -2           0.00000E+00
 -1        18 0.00000E+00 0.00000E+00 0.00000E+00 0.00000E+00 0.00000E+00 0.00000E+00
 -2           0.00000E+00
 -1        19 0.00000E+00 0.00000E+00 0.00000E+00 0.00000E+00 0.00000E+00 0.00000E+00
 -2           0.00000E+00
 -1        20 0.00000E+00 0.00000E+00 0.00000E+00 0.00000E+00 0.00000E+00 0.00000E+00
 -2           0.00000E+00
 -1        21 0.00000E+00 0.00000E+00 0.00000E+00 0.00000E+00 0.00000E+00 0.00000E+00
 -2           0.00000E+00
 -1        22 0.00000E+00 0.00000E+00 0.00000E+00 0.00000E+00 0.00000E+00 0.00000E+00
 -2           0.00000E+00
 -1        23 0.00000E+00 0.00000E+00 0.00000E+00 0.00000E+00 0.00000E+00 0.00000E+00
 -2           0.00000E+00
 -1        24 0.00000E+00 0.00000E+00 0.00000E+00 0.00000E+00 0.00000E+00 0.00000E+00
 -2           0.00000E+00
 -1        25 0.00000E+00 0.00000E+00 0.00000E+00 0.00000E+00 0.00000E+00 0.00000E+00
 -2           0.00000E+00
 -1        26 0.00000E+00 0.00000E+00 0.00000E+00 0.00000E+00 0.00000E+00 0.00000E+00
 -2           0.00000E+00
 -1        27 0.00000E+00 0.00000E+00 0.00000E+00 0.00000E+00 0.00000E+00 0.00000E+00
 -2           0.00000E+00
 -1        28 0.00000E+00 0.00000E+00 0.00000E+00 0.00000E+00 0.00000E+00 0.00000E+00
 -2           0.00000E+00
 -1        29 0.00000E+00 0.00000E+00 0.00000E+00 0.00000E+00 0.00000E+00 0.00000E+00
 -2           0.00000E+00
 -1        30 0.00000E+00 0.00000E+00 0.00000E+00 0.00000E+00 0.00000E+00 0.00000E+00
 -2           0.00000E+00
 -1        31 0.00000E+00 0.00000E+00 0.00000E+00 0.00000E+00 0.00000E+00 0.00000E+00
 -2           0.00000E+00
 -1        32 0.00000E+00 0.00000E+00 0.00000E+00 0.00000E+00 0.00000E+00 0.00000E+00
 -2           0.00000E+00
 -1        33 0.00000E+00 0.00000E+00 0.00000E+00 0.00000E+00 0.00000E+00 0.00000E+00
 -2           0.00000E+00
 -1        34 0.00000E+00 0.00000E+00 0.00000E+00 0.00000E+00 0.00000E+00 0.00000E+00
 -2           0.00000E+00
 -1        35 0.00000E+00 0.00000E+00 0.00000E+00 0.00000E+00 0.00000E+00 0.00000E+00
 -2           0.00000E+00
 -1        36 0.00000E+00 0.00000E+00 0.00000E+00 0.00000E+00 0.00000E+00 0.00000E+00
 -2           0.00000E+00
 -1        37 0.00000E+00 0.00000E+00 0.00000E+00 0.00000E+00 0.00000E+00 0.00000E+00
 -2           0.00000E+00
 -1        38 0.00000E+00 0.00000E+00 0.00000E+00 0.00000E+00 0.00000E+00 0.00000E+00
 -2           0.00000E+00
 -1        39 0.00000E+00 0.00000E+00 0.00000E+00 0.00000E+00 0.00000E+00 0.00000E+00
 -2           0.00000E+00
 -1        40 0.00000E+00 0.00000E+00 0.00000E+00 0.00000E+00 0.00000E+00 0.00000E+00
 -2           0.00000E+00
 -1        41 0.00000E+00 0.00000E+00 0.00000E+00 0.00000E+00 0.00000E+00 0.00000E+00
 -2           0.00000E+00
 -1        42 0.00000E+00 0.00000E+00 0.00000E+00 0.00000E+00 0.00000E+00 0.00000E+00
 -2           0.00000E+00
 -1        43 0.00000E+00 0.00000E+00 0.00000E+00 0.00000E+00 0.00000E+00 0.00000E+00
 -2           0.00000E+00
 -1        44 0.00000E+00 0.00000E+00 0.00000E+00 0.00000E+00 0.00000E+00 0.00000E+00
 -2           0.00000E+00
 -1        45 0.00000E+00 0.00000E+00 0.00000E+00 0.00000E+00 0.00000E+00 0.00000E+00
 -2           0.00000E+00
 -1        46 0.00000E+00 0.00000E+00 0.00000E+00 0.00000E+00 0.00000E+00 0.00000E+00
 -2           0.00000E+00
 -1        47 0.00000E+00 0.00000E+00 0.00000E+00 0.00000E+00 0.00000E+00 0.00000E+00
 -2           0.00000E+00
 -1        48 0.00000E+00 0.00000E+00 0.00000E+00 0.00000E+00 0.00000E+00 0.00000E+00
 -2           0.00000E+00
 -1        49 0.00000E+00 0.00000E+00 0.00000E+00 0.00000E+00 0.00000E+00 0.00000E+00
 -2           0.00000E+00
 -1        50 0.00000E+00 0.00000E+00 0.00000E+00 0.00000E+00 0.00000E+00 0.00000E+00
 -2           0.00000E+00
 -1        51 0.00000E+00 0.00000E+00 0.00000E+00 0.00000E+00 0.00000E+00 0.00000E+00
 -2           0.00000E+00
 -1        52 0.00000E+00 0.00000E+00 0.00000E+00 0.00000E+00 0.00000E+00 0.00000E+00
 -2           0.00000E+00
 -1        53 0.00000E+00 0.00000E+00 0.00000E+00 0.00000E+00 0.00000E+00 0.00000E+00
 -2           0.00000E+00
 -1        54 0.00000E+00 0.00000E+00 0.00000E+00 0.00000E+00 0.00000E+00 0.00000E+00
 -2           0.00000E+00
 -1        55 0.00000E+00 0.00000E+00 0.00000E+00 0.00000E+00 0.00000E+00 0.00000E+00
 -2           0.00000E+00
 -1        56 0.00000E+00 0.00000E+00 0.00000E+00 0.00000E+00 0.00000E+00 0.00000E+00
 -2           0.00000E+00
 -1        57 0.00000E+00 0.00000E+00 0.00000E+00 0.00000E+00 0.00000E+00 0.00000E+00
 -2           0.00000E+00
 -1        58 0.00000E+00 0.00000E+00 0.00000E+00 0.00000E+00 0.00000E+00 0.00000E+00
 -2           0.00000E+00
 -1        59 0.00000E+00 0.00000E+00 0.00000E+00 0.00000E+00 0.00000E+00 0.00000E+00
 -2           0.00000E+00
 -1        60 0.00000E+00 0.00000E+00 0.00000E+00 0.00000E+00 0.00000E+00 0.00000E+00
 -2           0.00000E+00
 -1        61 0.00000E+00 0.00000E+00 0.00000E+00 0.00000E+00 0.00000E+00 0.00000E+00
 -2           0.00000E+00
 -1        62 0.00000E+00 0.00000E+00 0.00000E+00 0.00000E+00 0.00000E+00 0.00000E+00
 -2           0.00000E+00
 -1        63 0.00000E+00 0.00000E+00 0.00000E+00 0.00000E+00 0.00000E+00 0.00000E+00
 -2           0.00000E+00
 -1        64 0.00000E+00 0.00000E+00 0.00000E+00 0.00000E+00 0.00000E+00 0.00000E+00
 -2           0.00000E+00
 -1        65 0.00000E+00 0.00000E+00 0.00000E+00 0.00000E+00 0.00000E+00 0.00000E+00
 -2           0.00000E+00
 -1        66 0.00000E+00 0.00000E+00 0.00000E+00 0.00000E+00 0.00000E+00 0.00000E+00
 -2           0.00000E+00
 -1        67 0.00000E+00 0.00000E+00 0.00000E+00 0.00000E+00 0.00000E+00 0.00000E+00
 -2           0.00000E+00
 -1        68 0.00000E+00 0.00000E+00 0.00000E+00 0.00000E+00 0.00000E+00 0.00000E+00
 -2           0.00000E+00
 -1        69 0.00000E+00 0.00000E+00 0.00000E+00 0.00000E+00 0.00000E+00 0.00000E+00
 -2           0.00000E+00
 -1        70 0.00000E+00 0.00000E+00 0.00000E+00 0.00000E+00 0.00000E+00 0.00000E+00
 -2           0.00000E+00
 -1        71 0.00000E+00 0.00000E+00 0.00000E+00 0.00000E+00 0.00000E+00 0.00000E+00
 -2           0.00000E+00
 -1        72 0.00000E+00 0.00000E+00 0.00000E+00 0.00000E+00 0.00000E+00 0.00000E+00
 -2           0.00000E+00
 -1        73 0.00000E+00 0.00000E+00 0.00000E+00 0.00000E+00 0.00000E+00 0.00000E+00
 -2           0.00000E+00
 -1        74 0.00000E+00 0.00000E+00 0.00000E+00 0.00000E+00 0.00000E+00 0.00000E+00
 -2           0.00000E+00
 -1        75 0.00000E+00 0.00000E+00 0.00000E+00 0.00000E+00 0.00000E+00 0.00000E+00
 -2           0.00000E+00
 -1        76 0.00000E+00 0.00000E+00 0.00000E+00 0.00000E+00 0.00000E+00 0.00000E+00
 -2           0.00000E+00
 -1        77 0.00000E+00 0.00000E+00 0.00000E+00 0.00000E+00 0.00000E+00 0.00000E+00
 -2           0.00000E+00
 -1        78 0.00000E+00 0.00000E+00 0.00000E+00 0.00000E+00 0.00000E+00 0.00000E+00
 -2           0.00000E+00
 -1        79 0.00000E+00 0.00000E+00 0.00000E+00 0.00000E+00 0.00000E+00 0.00000E+00
 -2           0.00000E+00
 -1        80 0.00000E+00 0.00000E+00 0.00000E+00 0.00000E+00 0.00000E+00 0.00000E+00
 -2           0.00000E+00
 -1        81 0.00000E+00 0.00000E+00 0.00000E+00 0.00000E+00 0.00000E+00 0.00000E+00
 -2           0.00000E+00
 -1        82 0.00000E+00 0.00000E+00 0.00000E+00 0.00000E+00 0.00000E+00 0.00000E+00
 -2           0.00000E+00
 -1        83 0.00000E+00 0.00000E+00 0.00000E+00 0.00000E+00 0.00000E+00 0.00000E+00
 -2           0.00000E+00
 -1        84 0.00000E+00 0.00000E+00 0.00000E+00 0.00000E+00 0.00000E+00 0.00000E+00
 -2           0.00000E+00
 -1        85 0.00000E+00 0.00000E+00 0.00000E+00 0.00000E+00 0.00000E+00 0.00000E+00
 -2           0.00000E+00
 -1        86 0.00000E+00 0.00000E+00 0.00000E+00 0.00000E+00 0.00000E+00 0.00000E+00
 -2           0.00000E+00
 -1        87 0.00000E+00 0.00000E+00 0.00000E+00 0.00000E+00 0.00000E+00 0.00000E+00
 -2           0.00000E+00
 -1        88 0.00000E+00 0.00000E+00 0.00000E+00 0.00000E+00 0.00000E+00 0.00000E+00
 -2           0.00000E+00
 -1        89 0.00000E+00 0.00000E+00 0.00000E+00 0.00000E+00 0.00000E+00 0.00000E+00
 -2           0.00000E+00
 -1        90 0.00000E+00 0.00000E+00 0.00000E+00 0.00000E+00 0.00000E+00 0.00000E+00
 -2           0.00000E+00
 -1        91 0.00000E+00 0.00000E+00 0.00000E+00 0.00000E+00 0.00000E+00 0.00000E+00
 -2           0.00000E+00
 -1        92 0.00000E+00 0.00000E+00 0.00000E+00 0.00000E+00 0.00000E+00 0.00000E+00
 -2           0.00000E+00
 -1        93 0.00000E+00 0.00000E+00 0.00000E+00 0.00000E+00 0.00000E+00 0.00000E+00
 -2           0.00000E+00
 -1        94 0.00000E+00 0.00000E+00 0.00000E+00 0.00000E+00 0.00000E+00 0.00000E+00
 -2           0.00000E+00
 -1        95 0.00000E+00 0.00000E+00 0.00000E+00 0.00000E+00 0.00000E+00 0.00000E+00
 -2           0.00000E+00
 -1        96 0.00000E+00 0.00000E+00 0.00000E+00 0.00000E+00 0.00000E+00 0.00000E+00
 -2           0.00000E+00
 -1        97 0.00000E+00 0.00000E+00 0.00000E+00 0.00000E+00 0.00000E+00 0.00000E+00
 -2           0.00000E+00
 -1        98 0.00000E+00 0.00000E+00 0.00000E+00 0.00000E+00 0.00000E+00 0.00000E+00
 -2           0.00000E+00
 -1        99 0.00000E+00 0.00000E+00 0.00000E+00 0.00000E+00 0.00000E+00 0.00000E+00
 -2           0.00000E+00
 -1       100 0.00000E+00 0.00000E+00 0.00000E+00 0.00000E+00 0.00000E+00 0.00000E+00
 -2           0.00000E+00
 -1       101 0.00000E+00 0.00000E+00 0.00000E+00 0.00000E+00 0.00000E+00 0.00000E+00
 -2           0.00000E+00
 -1       102 0.00000E+00 0.00000E+00 0.00000E+00 0.00000E+00 0.00000E+00 0.00000E+00
 -2           0.00000E+00
 -1       103 0.00000E+00 0.00000E+00 0.00000E+00 0.00000E+00 0.00000E+00 0.00000E+00
 -2           0.00000E+00
 -1       104 0.00000E+00 0.00000E+00 0.00000E+00 0.00000E+00 0.00000E+00 0.00000E+00
 -2           0.00000E+00
 -1       105 0.00000E+00 0.00000E+00 0.00000E+00 0.00000E+00 0.00000E+00 0.00000E+00
 -2           0.00000E+00
 -1       106 0.00000E+00 0.00000E+00 0.00000E+00 0.00000E+00 0.00000E+00 0.00000E+00
 -2           0.00000E+00
 -1       107 0.00000E+00 0.00000E+00 0.00000E+00 0.00000E+00 0.00000E+00 0.00000E+00
 -2           0.00000E+00
 -1       108 0.00000E+00 0.00000E+00 0.00000E+00 0.00000E+00 0.00000E+00 0.00000E+00
 -2           0.00000E+00
 -1       109 0.00000E+00 0.00000E+00 0.00000E+00 0.00000E+00 0.00000E+00 0.00000E+00
 -2           0.00000E+00
 -1       110 0.00000E+00 0.00000E+00 0.00000E+00 0.00000E+00 0.00000E+00 0.00000E+00
 -2           0.00000E+00
 -1       111 0.00000E+00 0.00000E+00 0.00000E+00 0.00000E+00 0.00000E+00 0.00000E+00
 -2           0.00000E+00
 -1       112 0.00000E+00 0.00000E+00 0.00000E+00 0.00000E+00 0.00000E+00 0.00000E+00
 -2           0.00000E+00
 -1       113 0.00000E+00 0.00000E+00 0.00000E+00 0.00000E+00 0.00000E+00 0.00000E+00
 -2           0.00000E+00
 -1       114 0.00000E+00 0.00000E+00 0.00000E+00 0.00000E+00 0.00000E+00 0.00000E+00
 -2           0.00000E+00
 -1       115 0.00000E+00 0.00000E+00 0.00000E+00 0.00000E+00 0.00000E+00 0.00000E+00
 -2           0.00000E+00
 -1       116 0.00000E+00 0.00000E+00 0.00000E+00 0.00000E+00 0.00000E+00 0.00000E+00
 -2           0.00000E+00
 -1       117 0.00000E+00 0.00000E+00 0.00000E+00 0.00000E+00 0.00000E+00 0.00000E+00
 -2           0.00000E+00
 -1       118 0.00000E+00 0.00000E+00 0.00000E+00 0.00000E+00 0.00000E+00 0.00000E+00
 -2           0.00000E+00
 -1       119 0.00000E+00 0.00000E+00 0.00000E+00 0.00000E+00 0.00000E+00 0.00000E+00
 -2           0.00000E+00
 -1       120 0.00000E+00 0.00000E+00 0.00000E+00 0.00000E+00 0.00000E+00 0.00000E+00
 -2           0.00000E+00
 -1       121 0.00000E+00 0.00000E+00 0.00000E+00 0.00000E+00 0.00000E+00 0.00000E+00
 -2           0.00000E+00
 -1       122 0.00000E+00 0.00000E+00 0.00000E+00 0.00000E+00 0.00000E+00 0.00000E+00
 -2           0.00000E+00
 -1       123 0.00000E+00 0.00000E+00 0.00000E+00 0.00000E+00 0.00000E+00 0.00000E+00
 -2           0.00000E+00
 -1       124 0.00000E+00 0.00000E+00 0.00000E+00 0.00000E+00 0.00000E+00 0.00000E+00
 -2           0.00000E+00
 -1       125 0.00000E+00 0.00000E+00 0.00000E+00 0.00000E+00 0.00000E+00 0.00000E+00
 -2           0.00000E+00
 -1       126 0.00000E+00 0.00000E+00 0.00000E+00 0.00000E+00 0.00000E+00 0.00000E+00
 -2           0.00000E+00
 -1       127 0.00000E+00 0.00000E+00 0.00000E+00 0.00000E+00 0.00000E+00 0.00000E+00
 -2           0.00000E+00
 -1       128 0.00000E+00 0.00000E+00 0.00000E+00 0.00000E+00 0.00000E+00 0.00000E+00
 -2           0.00000E+00
 -1       129 0.00000E+00 0.00000E+00 0.00000E+00 0.00000E+00 0.00000E+00 0.00000E+00
 -2           0.00000E+00
 -1       130 0.00000E+00 0.00000E+00 0.00000E+00 0.00000E+00 0.00000E+00 0.00000E+00
 -2           0.00000E+00
 -1       131 0.00000E+00 0.00000E+00 0.00000E+00 0.00000E+00 0.00000E+00 0.00000E+00
 -2           0.00000E+00
 -1       132 0.00000E+00 0.00000E+00 0.00000E+00 0.00000E+00 0.00000E+00 0.00000E+00
 -2           0.00000E+00
 -1       133 0.00000E+00 0.00000E+00 0.00000E+00 0.00000E+00 0.00000E+00 0.00000E+00
 -2           0.00000E+00
 -1       134 0.00000E+00 0.00000E+00 0.00000E+00 0.00000E+00 0.00000E+00 0.00000E+00
 -2           0.00000E+00
 -1       135 0.00000E+00 0.00000E+00 0.00000E+00 0.00000E+00 0.00000E+00 0.00000E+00
 -2           0.00000E+00
 -1       136 0.00000E+00 0.00000E+00 0.00000E+00 0.00000E+00 0.00000E+00 0.00000E+00
 -2           0.00000E+00
 -1       137 0.00000E+00 0.00000E+00 0.00000E+00 0.00000E+00 0.00000E+00 0.00000E+00
 -2           0.00000E+00
 -1       138 0.00000E+00 0.00000E+00 0.00000E+00 0.00000E+00 0.00000E+00 0.00000E+00
 -2           0.00000E+00
 -1       139 0.00000E+00 0.00000E+00 0.00000E+00 0.00000E+00 0.00000E+00 0.00000E+00
 -2           0.00000E+00
 -1       140 0.00000E+00 0.00000E+00 0.00000E+00 0.00000E+00 0.00000E+00 0.00000E+00
 -2           0.00000E+00
 -1       141 0.00000E+00 0.00000E+00 0.00000E+00 0.00000E+00 0.00000E+00 0.00000E+00
 -2           0.00000E+00
 -1       142 0.00000E+00 0.00000E+00 0.00000E+00 0.00000E+00 0.00000E+00 0.00000E+00
 -2           0.00000E+00
 -1       143 0.00000E+00 0.00000E+00 0.00000E+00 0.00000E+00 0.00000E+00 0.00000E+00
 -2           0.00000E+00
 -1       144 0.00000E+00 0.00000E+00 0.00000E+00 0.00000E+00 0.00000E+00 0.00000E+00
 -2           0.00000E+00
 -1       145 0.00000E+00 0.00000E+00 0.00000E+00 0.00000E+00 0.00000E+00 0.00000E+00
 -2           0.00000E+00
 -1       146 0.00000E+00 0.00000E+00 0.00000E+00 0.00000E+00 0.00000E+00 0.00000E+00
 -2           0.00000E+00
 -1       147 0.00000E+00 0.00000E+00 0.00000E+00 0.00000E+00 0.00000E+00 0.00000E+00
 -2           0.00000E+00
 -1       148 0.00000E+00 0.00000E+00 0.00000E+00 0.00000E+00 0.00000E+00 0.00000E+00
 -2           0.00000E+00
 -1       149 0.00000E+00 0.00000E+00 0.00000E+00 0.00000E+00 0.00000E+00 0.00000E+00
 -2           0.00000E+00
 -1       150 0.00000E+00 0.00000E+00 0.00000E+00 0.00000E+00 0.00000E+00 0.00000E+00
 -2           0.00000E+00
 -1       151 0.00000E+00 0.00000E+00 0.00000E+00 0.00000E+00 0.00000E+00 0.00000E+00
 -2           0.00000E+00
 -1       152 0.00000E+00 0.00000E+00 0.00000E+00 0.00000E+00 0.00000E+00 0.00000E+00
 -2           0.00000E+00
 -1       153 0.00000E+00 0.00000E+00 0.00000E+00 0.00000E+00 0.00000E+00 0.00000E+00
 -2           0.00000E+00
 -1       154 0.00000E+00 0.00000E+00 0.00000E+00 0.00000E+00 0.00000E+00 0.00000E+00
 -2           0.00000E+00
 -1       155 0.00000E+00 0.00000E+00 0.00000E+00 0.00000E+00 0.00000E+00 0.00000E+00
 -2           0.00000E+00
 -1       156 0.00000E+00 0.00000E+00 0.00000E+00 0.00000E+00 0.00000E+00 0.00000E+00
 -2           0.00000E+00
 -1       157 0.00000E+00 0.00000E+00 0.00000E+00 0.00000E+00 0.00000E+00 0.00000E+00
 -2           0.00000E+00
 -1       158 0.00000E+00 0.00000E+00 0.00000E+00 0.00000E+00 0.00000E+00 0.00000E+00
 -2           0.00000E+00
 -1       159 0.00000E+00 0.00000E+00 0.00000E+00 0.00000E+00 0.00000E+00 0.00000E+00
 -2           0.00000E+00
 -1       160 0.00000E+00 0.00000E+00 0.00000E+00 0.00000E+00 0.00000E+00 0.00000E+00
 -2           0.00000E+00
 -1       161 0.00000E+00 0.00000E+00 0.00000E+00 0.00000E+00 0.00000E+00 0.00000E+00
 -2           0.00000E+00
 -1       162 0.00000E+00 0.00000E+00 0.00000E+00 0.00000E+00 0.00000E+00 0.00000E+00
 -2           0.00000E+00
 -1       163 0.00000E+00 0.00000E+00 0.00000E+00 0.00000E+00 0.00000E+00 0.00000E+00
 -2           0.00000E+00
 -1       164 0.00000E+00 0.00000E+00 0.00000E+00 0.00000E+00 0.00000E+00 0.00000E+00
 -2           0.00000E+00
 -1       165 0.00000E+00 0.00000E+00 0.00000E+00 0.00000E+00 0.00000E+00 0.00000E+00
 -2           0.00000E+00
 -1       166 0.00000E+00 0.00000E+00 0.00000E+00 0.00000E+00 0.00000E+00 0.00000E+00
 -2           0.00000E+00
 -1       167 0.00000E+00 0.00000E+00 0.00000E+00 0.00000E+00 0.00000E+00 0.00000E+00
 -2           0.00000E+00
 -1       168 0.00000E+00 0.00000E+00 0.00000E+00 0.00000E+00 0.00000E+00 0.00000E+00
 -2           0.00000E+00
 -1       169 0.00000E+00 0.00000E+00 0.00000E+00 0.00000E+00 0.00000E+00 0.00000E+00
 -2           0.00000E+00
 -1       170 0.00000E+00 0.00000E+00 0.00000E+00 0.00000E+00 0.00000E+00 0.00000E+00
 -2           0.00000E+00
 -1       171 0.00000E+00 0.00000E+00 0.00000E+00 0.00000E+00 0.00000E+00 0.00000E+00
 -2           0.00000E+00
 -1       172 0.00000E+00 0.00000E+00 0.00000E+00 0.00000E+00 0.00000E+00 0.00000E+00
 -2           0.00000E+00
 -1       173 0.00000E+00 0.00000E+00 0.00000E+00 0.00000E+00 0.00000E+00 0.00000E+00
 -2           0.00000E+00
 -1       174 0.00000E+00 0.00000E+00 0.00000E+00 0.00000E+00 0.00000E+00 0.00000E+00
 -2           0.00000E+00
 -1       175 0.00000E+00 0.00000E+00 0.00000E+00 0.00000E+00 0.00000E+00 0.00000E+00
 -2           0.00000E+00
 -1       176 0.00000E+00 0.00000E+00 0.00000E+00 0.00000E+00 0.00000E+00 0.00000E+00
 -2           0.00000E+00
 -1       177 0.00000E+00 0.00000E+00 0.00000E+00 0.00000E+00 0.00000E+00 0.00000E+00
 -2           0.00000E+00
 -1       178 0.00000E+00 0.00000E+00 0.00000E+00 0.00000E+00 0.00000E+00 0.00000E+00
 -2           0.00000E+00
 -1       179 0.00000E+00 0.00000E+00 0.00000E+00 0.00000E+00 0.00000E+00 0.00000E+00
 -2           0.00000E+00
 -1       180 0.00000E+00 0.00000E+00 0.00000E+00 0.00000E+00 0.00000E+00 0.00000E+00
 -2           0.00000E+00
 -1       181 0.00000E+00 0.00000E+00 0.00000E+00 0.00000E+00 0.00000E+00 0.00000E+00
 -2           0.00000E+00
 -1       182 0.00000E+00 0.00000E+00 0.00000E+00 0.00000E+00 0.00000E+00 0.00000E+00
 -2           0.00000E+00
 -1       183 0.00000E+00 0.00000E+00 0.00000E+00 0.00000E+00 0.00000E+00 0.00000E+00
 -2           0.00000E+00
 -1       184 0.00000E+00 0.00000E+00 0.00000E+00 0.00000E+00 0.00000E+00 0.00000E+00
 -2           0.00000E+00
 -1       185 0.00000E+00 0.00000E+00 0.00000E+00 0.00000E+00 0.00000E+00 0.00000E+00
 -2           0.00000E+00
 -1       186 0.00000E+00 0.00000E+00 0.00000E+00 0.00000E+00 0.00000E+00 0.00000E+00
 -2           0.00000E+00
 -1       187 0.00000E+00 0.00000E+00 0.00000E+00 0.00000E+00 0.00000E+00 0.00000E+00
 -2           0.00000E+00
 -1       188 0.00000E+00 0.00000E+00 0.00000E+00 0.00000E+00 0.00000E+00 0.00000E+00
 -2           0.00000E+00
 -1       189 0.00000E+00 0.00000E+00 0.00000E+00 0.00000E+00 0.00000E+00 0.00000E+00
 -2           0.00000E+00
 -1       190 0.00000E+00 0.00000E+00 0.00000E+00 0.00000E+00 0.00000E+00 0.00000E+00
 -2           0.00000E+00
 -1       191 0.00000E+00 0.00000E+00 0.00000E+00 0.00000E+00 0.00000E+00 0.00000E+00
 -2           0.00000E+00
 -1       192 0.00000E+00 0.00000E+00 0.00000E+00 0.00000E+00 0.00000E+00 0.00000E+00
 -2           0.00000E+00
 -1       193 0.00000E+00 0.00000E+00 0.00000E+00 0.00000E+00 0.00000E+00 0.00000E+00
 -2           0.00000E+00
 -1       194 0.00000E+00 0.00000E+00 0.00000E+00 0.00000E+00 0.00000E+00 0.00000E+00
 -2           0.00000E+00
 -1       195 0.00000E+00 0.00000E+00 0.00000E+00 0.00000E+00 0.00000E+00 0.00000E+00
 -2           0.00000E+00
 -1       196 0.00000E+00 0.00000E+00 0.00000E+00 0.00000E+00 0.00000E+00 0.00000E+00
 -2           0.00000E+00
 -1       197 0.00000E+00 0.00000E+00 0.00000E+00 0.00000E+00 0.00000E+00 0.00000E+00
 -2           0.00000E+00
 -1       198 0.00000E+00 0.00000E+00 0.00000E+00 0.00000E+00 0.00000E+00 0.00000E+00
 -2           0.00000E+00
 -1       199 0.00000E+00 0.00000E+00 0.00000E+00 0.00000E+00 0.00000E+00 0.00000E+00
 -2           0.00000E+00
 -1       200 0.00000E+00 0.00000E+00 0.00000E+00 0.00000E+00 0.00000E+00 0.00000E+00
 -2           0.00000E+00
 -1       201 0.00000E+00 0.00000E+00 0.00000E+00 0.00000E+00 0.00000E+00 0.00000E+00
 -2           0.00000E+00
 -1       202 0.00000E+00 0.00000E+00 0.00000E+00 0.00000E+00 0.00000E+00 0.00000E+00
 -2           0.00000E+00
 -1       203 0.00000E+00 0.00000E+00 0.00000E+00 0.00000E+00 0.00000E+00 0.00000E+00
 -2           0.00000E+00
 -1       204 0.00000E+00 0.00000E+00 0.00000E+00 0.00000E+00 0.00000E+00 0.00000E+00
 -2           0.00000E+00
 -1       205 0.00000E+00 0.00000E+00 0.00000E+00 0.00000E+00 0.00000E+00 0.00000E+00
 -2           0.00000E+00
 -1       206 0.00000E+00 0.00000E+00 0.00000E+00 0.00000E+00 0.00000E+00 0.00000E+00
 -2           0.00000E+00
 -1       207 0.00000E+00 0.00000E+00 0.00000E+00 0.00000E+00 0.00000E+00 0.00000E+00
 -2           0.00000E+00
 -1       208 0.00000E+00 0.00000E+00 0.00000E+00 0.00000E+00 0.00000E+00 0.00000E+00
 -2           0.00000E+00
 -1       209 0.00000E+00 0.00000E+00 0.00000E+00 0.00000E+00 0.00000E+00 0.00000E+00
 -2           0.00000E+00
 -1       210 0.00000E+00 0.00000E+00 0.00000E+00 0.00000E+00 0.00000E+00 0.00000E+00
 -2           0.00000E+00
 -1       211 0.00000E+00 0.00000E+00 0.00000E+00 0.00000E+00 0.00000E+00 0.00000E+00
 -2           0.00000E+00
 -1       212 0.00000E+00 0.00000E+00 0.00000E+00 0.00000E+00 0.00000E+00 0.00000E+00
 -2           0.00000E+00
 -1       213 0.00000E+00 0.00000E+00 0.00000E+00 0.00000E+00 0.00000E+00 0.00000E+00
 -2           0.00000E+00
 -1       214 0.00000E+00 0.00000E+00 0.00000E+00 0.00000E+00 0.00000E+00 0.00000E+00
 -2           0.00000E+00
 -1       215 0.00000E+00 0.00000E+00 0.00000E+00 0.00000E+00 0.00000E+00 0.00000E+00
 -2           0.00000E+00
 -1       216 0.00000E+00 0.00000E+00 0.00000E+00 0.00000E+00 0.00000E+00 0.00000E+00
 -2           0.00000E+00
 -1       217 0.00000E+00 0.00000E+00 0.00000E+00 0.00000E+00 0.00000E+00 0.00000E+00
 -2           0.00000E+00
 -1       218 0.00000E+00 0.00000E+00 0.00000E+00 0.00000E+00 0.00000E+00 0.00000E+00
 -2           0.00000E+00
 -1       219 0.00000E+00 0.00000E+00 0.00000E+00 0.00000E+00 0.00000E+00 0.00000E+00
 -2           0.00000E+00
 -1       220 0.00000E+00 0.00000E+00 0.00000E+00 0.00000E+00 0.00000E+00 0.00000E+00
 -2           0.00000E+00
 -1       221 0.00000E+00 0.00000E+00 0.00000E+00 0.00000E+00 0.00000E+00 0.00000E+00
 -2           0.00000E+00
 -1       222 0.00000E+00 0.00000E+00 0.00000E+00 0.00000E+00 0.00000E+00 0.00000E+00
 -2           0.00000E+00
 -1       223 0.00000E+00 0.00000E+00 0.00000E+00 0.00000E+00 0.00000E+00 0.00000E+00
 -2           0.00000E+00
 -1       224 0.00000E+00 0.00000E+00 0.00000E+00 0.00000E+00 0.00000E+00 0.00000E+00
 -2           0.00000E+00
 -1       225 0.00000E+00 0.00000E+00 0.00000E+00 0.00000E+00 0.00000E+00 0.00000E+00
 -2           0.00000E+00
 -1       226 0.00000E+00 0.00000E+00 0.00000E+00 0.00000E+00 0.00000E+00 0.00000E+00
 -2           0.00000E+00
 -1       227 0.00000E+00 0.00000E+00 0.00000E+00 0.00000E+00 0.00000E+00 0.00000E+00
 -2           0.00000E+00
 -1       228 0.00000E+00 0.00000E+00 0.00000E+00 0.00000E+00 0.00000E+00 0.00000E+00
 -2           0.00000E+00
 -1       229 0.00000E+00 0.00000E+00 0.00000E+00 0.00000E+00 0.00000E+00 0.00000E+00
 -2           0.00000E+00
 -1       230 0.00000E+00 0.00000E+00 0.00000E+00 0.00000E+00 0.00000E+00 0.00000E+00
 -2           0.00000E+00
 -1       231 0.00000E+00 0.00000E+00 0.00000E+00 0.00000E+00 0.00000E+00 0.00000E+00
 -2           0.00000E+00
 -1       232 0.00000E+00 0.00000E+00 0.00000E+00 0.00000E+00 0.00000E+00 0.00000E+00
 -2           0.00000E+00
 -1       233 0.00000E+00 0.00000E+00 0.00000E+00 0.00000E+00 0.00000E+00 0.00000E+00
 -2           0.00000E+00
 -1       234 0.00000E+00 0.00000E+00 0.00000E+00 0.00000E+00 0.00000E+00 0.00000E+00
 -2           0.00000E+00
 -1       235 0.00000E+00 0.00000E+00 0.00000E+00 0.00000E+00 0.00000E+00 0.00000E+00
 -2           0.00000E+00
 -1       236 0.00000E+00 0.00000E+00 0.00000E+00 0.00000E+00 0.00000E+00 0.00000E+00
 -2           0.00000E+00
 -1       237 0.00000E+00 0.00000E+00 0.00000E+00 0.00000E+00 0.00000E+00 0.00000E+00
 -2           0.00000E+00
 -1       238 0.00000E+00 0.00000E+00 0.00000E+00 0.00000E+00 0.00000E+00 0.00000E+00
 -2           0.00000E+00
 -1       239 0.00000E+00 0.00000E+00 0.00000E+00 0.00000E+00 0.00000E+00 0.00000E+00
 -2           0.00000E+00
 -1       240 0.00000E+00 0.00000E+00 0.00000E+00 0.00000E+00 0.00000E+00 0.00000E+00
 -2           0.00000E+00
 -1       241 0.00000E+00 0.00000E+00 0.00000E+00 0.00000E+00 0.00000E+00 0.00000E+00
 -2           0.00000E+00
 -1       242 0.00000E+00 0.00000E+00 0.00000E+00 0.00000E+00 0.00000E+00 0.00000E+00
 -2           0.00000E+00
 -1       243 0.00000E+00 0.00000E+00 0.00000E+00 0.00000E+00 0.00000E+00 0.00000E+00
 -2           0.00000E+00
 -1       244 0.00000E+00 0.00000E+00 0.00000E+00 0.00000E+00 0.00000E+00 0.00000E+00
 -2           0.00000E+00
 -1       245 0.00000E+00 0.00000E+00 0.00000E+00 0.00000E+00 0.00000E+00 0.00000E+00
 -2           0.00000E+00
 -1       246 0.00000E+00 0.00000E+00 0.00000E+00 0.00000E+00 0.00000E+00 0.00000E+00
 -2           0.00000E+00
 -1       247 0.00000E+00 0.00000E+00 0.00000E+00 0.00000E+00 0.00000E+00 0.00000E+00
 -2           0.00000E+00
 -1       248 0.00000E+00 0.00000E+00 0.00000E+00 0.00000E+00 0.00000E+00 0.00000E+00
 -2           0.00000E+00
 -1       249 0.00000E+00 0.00000E+00 0.00000E+00 0.00000E+00 0.00000E+00 0.00000E+00
 -2           0.00000E+00
 -1       250 0.00000E+00 0.00000E+00 0.00000E+00 0.00000E+00 0.00000E+00 0.00000E+00
 -2           0.00000E+00
 -1       251 0.00000E+00 0.00000E+00 0.00000E+00 0.00000E+00 0.00000E+00 0.00000E+00
 -2           0.00000E+00
 -1       252 0.00000E+00 0.00000E+00 0.00000E+00 0.00000E+00 0.00000E+00 0.00000E+00
 -2           0.00000E+00
 -1       253 0.00000E+00 0.00000E+00 0.00000E+00 0.00000E+00 0.00000E+00 0.00000E+00
 -2           0.00000E+00
 -1       254 0.00000E+00 0.00000E+00 0.00000E+00 0.00000E+00 0.00000E+00 0.00000E+00
 -2           0.00000E+00
 -1       255 0.00000E+00 0.00000E+00 0.00000E+00 0.00000E+00 0.00000E+00 0.00000E+00
 -2           0.00000E+00
 -1       256 0.00000E+00 0.00000E+00 0.00000E+00 0.00000E+00 0.00000E+00 0.00000E+00
 -2           0.00000E+00
 -1       257 0.00000E+00 0.00000E+00 0.00000E+00 0.00000E+00 0.00000E+00 0.00000E+00
 -2           0.00000E+00
 -1       258 0.00000E+00 0.00000E+00 0.00000E+00 0.00000E+00 0.00000E+00 0.00000E+00
 -2           0.00000E+00
 -1       259 0.00000E+00 0.00000E+00 0.00000E+00 0.00000E+00 0.00000E+00 0.00000E+00
 -2           0.00000E+00
 -1       260 0.00000E+00 0.00000E+00 0.00000E+00 0.00000E+00 0.00000E+00 0.00000E+00
 -2           0.00000E+00
 -1       261 0.00000E+00 0.00000E+00 0.00000E+00 0.00000E+00 0.00000E+00 0.00000E+00
 -2           0.00000E+00
 -1       262 0.00000E+00 0.00000E+00 0.00000E+00 0.00000E+00 0.00000E+00 0.00000E+00
 -2           0.00000E+00
 -1       263 0.00000E+00 0.00000E+00 0.00000E+00 0.00000E+00 0.00000E+00 0.00000E+00
 -2           0.00000E+00
 -1       264 0.00000E+00 0.00000E+00 0.00000E+00 0.00000E+00 0.00000E+00 0.00000E+00
 -2           0.00000E+00
 -1       265 0.00000E+00 0.00000E+00 0.00000E+00 0.00000E+00 0.00000E+00 0.00000E+00
 -2           0.00000E+00
 -1       266 0.00000E+00 0.00000E+00 0.00000E+00 0.00000E+00 0.00000E+00 0.00000E+00
 -2           0.00000E+00
 -3
    1PSTEP                         8           1           1
  100CL  101 1.00000E+00         266                     0    1           1
 -4  PTFORC      4    1
 -5  F1          1    2    1    0
 -5  F2          1    2    2    0
 -5  F3          1    2    3    0
 -5  ALL         1    2    0    0    1ALL
 -1         1 0.00000E+00 0.00000E+00 0.00000E+00 0.00000E+00
 -1         2 0.00000E+00 0.00000E+00 0.00000E+00 0.00000E+00
 -1         3 0.00000E+00 0.00000E+00 0.00000E+00 0.00000E+00
 -1         4 0.00000E+00 0.00000E+00 0.00000E+00 0.00000E+00
 -1         5 0.00000E+00 0.00000E+00 0.00000E+00 0.00000E+00
 -1         6 0.00000E+00 0.00000E+00 0.00000E+00 0.00000E+00
 -1         7 0.00000E+00 0.00000E+00 0.00000E+00 0.00000E+00
 -1         8 0.00000E+00 0.00000E+00 0.00000E+00 0.00000E+00
 -1         9 0.00000E+00 0.00000E+00 0.00000E+00 0.00000E+00
 -1        10 0.00000E+00 0.00000E+00 0.00000E+00 0.00000E+00
 -1        11 0.00000E+00 0.00000E+00 0.00000E+00 0.00000E+00
 -1        12 0.00000E+00 0.00000E+00 0.00000E+00 0.00000E+00
 -1        13 0.00000E+00 0.00000E+00 0.00000E+00 0.00000E+00
 -1        14 0.00000E+00 0.00000E+00 0.00000E+00 0.00000E+00
 -1        15 0.00000E+00 0.00000E+00 0.00000E+00 0.00000E+00
 -1        16 0.00000E+00 0.00000E+00 0.00000E+00 0.00000E+00
 -1        17 0.00000E+00 0.00000E+00 0.00000E+00 0.00000E+00
 -1        18 0.00000E+00 0.00000E+00 0.00000E+00 0.00000E+00
 -1        19 0.00000E+00 0.00000E+00 0.00000E+00 0.00000E+00
 -1        20 0.00000E+00 0.00000E+00 0.00000E+00 0.00000E+00
 -1        21 0.00000E+00 0.00000E+00 0.00000E+00 0.00000E+00
 -1        22 0.00000E+00 0.00000E+00 0.00000E+00 0.00000E+00
 -1        23 0.00000E+00 0.00000E+00 0.00000E+00 0.00000E+00
 -1        24 0.00000E+00 0.00000E+00 0.00000E+00 0.00000E+00
 -1        25 0.00000E+00 0.00000E+00 0.00000E+00 0.00000E+00
 -1        26 0.00000E+00 0.00000E+00 0.00000E+00 0.00000E+00
 -1        27 0.00000E+00 0.00000E+00 0.00000E+00 0.00000E+00
 -1        28 0.00000E+00 0.00000E+00 0.00000E+00 0.00000E+00
 -1        29 0.00000E+00 0.00000E+00 0.00000E+00 0.00000E+00
 -1        30 0.00000E+00 0.00000E+00 0.00000E+00 0.00000E+00
 -1        31 0.00000E+00 0.00000E+00 0.00000E+00 0.00000E+00
 -1        32 0.00000E+00 0.00000E+00 0.00000E+00 0.00000E+00
 -1        33 0.00000E+00 0.00000E+00 0.00000E+00 0.00000E+00
 -1        34 0.00000E+00 0.00000E+00 0.00000E+00 0.00000E+00
 -1        35 0.00000E+00 0.00000E+00 0.00000E+00 0.00000E+00
 -1        36 0.00000E+00 0.00000E+00 0.00000E+00 0.00000E+00
 -1        37 0.00000E+00 0.00000E+00 0.00000E+00 0.00000E+00
 -1        38 0.00000E+00 0.00000E+00 0.00000E+00 0.00000E+00
 -1        39 0.00000E+00 0.00000E+00 0.00000E+00 0.00000E+00
 -1        40 0.00000E+00 0.00000E+00 0.00000E+00 0.00000E+00
 -1        41 0.00000E+00 0.00000E+00 0.00000E+00 0.00000E+00
 -1        42 0.00000E+00 0.00000E+00 0.00000E+00 0.00000E+00
 -1        43 0.00000E+00 0.00000E+00 0.00000E+00 0.00000E+00
 -1        44 0.00000E+00 0.00000E+00 0.00000E+00 0.00000E+00
 -1        45 0.00000E+00 0.00000E+00 0.00000E+00 0.00000E+00
 -1        46 0.00000E+00 0.00000E+00 0.00000E+00 0.00000E+00
 -1        47 0.00000E+00 0.00000E+00 0.00000E+00 0.00000E+00
 -1        48 0.00000E+00 0.00000E+00 0.00000E+00 0.00000E+00
 -1        49 0.00000E+00 0.00000E+00 0.00000E+00 0.00000E+00
 -1        50 0.00000E+00 0.00000E+00 0.00000E+00 0.00000E+00
 -1        51 0.00000E+00 0.00000E+00 0.00000E+00 0.00000E+00
 -1        52 0.00000E+00 0.00000E+00 0.00000E+00 0.00000E+00
 -1        53 0.00000E+00 0.00000E+00 0.00000E+00 0.00000E+00
 -1        54 0.00000E+00 0.00000E+00 0.00000E+00 0.00000E+00
 -1        55 0.00000E+00 0.00000E+00 0.00000E+00 0.00000E+00
 -1        56 0.00000E+00 0.00000E+00 0.00000E+00 0.00000E+00
 -1        57 0.00000E+00 0.00000E+00 0.00000E+00 0.00000E+00
 -1        58 0.00000E+00 0.00000E+00 0.00000E+00 0.00000E+00
 -1        59 0.00000E+00 0.00000E+00 0.00000E+00 0.00000E+00
 -1        60 0.00000E+00 0.00000E+00 0.00000E+00 0.00000E+00
 -1        61 0.00000E+00 0.00000E+00 0.00000E+00 0.00000E+00
 -1        62 0.00000E+00 0.00000E+00 0.00000E+00 0.00000E+00
 -1        63 0.00000E+00 0.00000E+00 0.00000E+00 0.00000E+00
 -1        64 0.00000E+00 0.00000E+00 0.00000E+00 0.00000E+00
 -1        65 0.00000E+00 0.00000E+00 0.00000E+00 0.00000E+00
 -1        66 0.00000E+00 0.00000E+00 0.00000E+00 0.00000E+00
 -1        67 0.00000E+00 0.00000E+00 0.00000E+00 0.00000E+00
 -1        68 0.00000E+00 0.00000E+00 0.00000E+00 0.00000E+00
 -1        69 0.00000E+00 0.00000E+00 0.00000E+00 0.00000E+00
 -1        70 0.00000E+00 0.00000E+00 0.00000E+00 0.00000E+00
 -1        71 0.00000E+00 0.00000E+00 0.00000E+00 0.00000E+00
 -1        72 0.00000E+00 0.00000E+00 0.00000E+00 0.00000E+00
 -1        73 0.00000E+00 0.00000E+00 0.00000E+00 0.00000E+00
 -1        74 0.00000E+00 0.00000E+00 0.00000E+00 0.00000E+00
 -1        75 0.00000E+00 0.00000E+00 0.00000E+00 0.00000E+00
 -1        76 0.00000E+00 0.00000E+00 0.00000E+00 0.00000E+00
 -1        77 0.00000E+00 0.00000E+00 0.00000E+00 0.00000E+00
 -1        78 0.00000E+00 0.00000E+00 0.00000E+00 0.00000E+00
 -1        79 0.00000E+00 0.00000E+00 0.00000E+00 0.00000E+00
 -1        80 0.00000E+00 0.00000E+00 0.00000E+00 0.00000E+00
 -1        81 0.00000E+00 0.00000E+00 0.00000E+00 0.00000E+00
 -1        82 0.00000E+00 0.00000E+00 0.00000E+00 0.00000E+00
 -1        83 0.00000E+00 0.00000E+00 0.00000E+00 0.00000E+00
 -1        84 0.00000E+00 0.00000E+00 0.00000E+00 0.00000E+00
 -1        85 0.00000E+00 0.00000E+00 0.00000E+00 0.00000E+00
 -1        86 0.00000E+00 0.00000E+00 0.00000E+00 0.00000E+00
 -1        87 0.00000E+00 0.00000E+00 0.00000E+00 0.00000E+00
 -1        88 0.00000E+00 0.00000E+00 0.00000E+00 0.00000E+00
 -1        89 0.00000E+00 0.00000E+00 0.00000E+00 0.00000E+00
 -1        90 0.00000E+00 0.00000E+00 0.00000E+00 0.00000E+00
 -1        91 0.00000E+00 0.00000E+00 0.00000E+00 0.00000E+00
 -1        92 0.00000E+00 0.00000E+00 0.00000E+00 0.00000E+00
 -1        93 0.00000E+00 0.00000E+00 0.00000E+00 0.00000E+00
 -1        94 0.00000E+00 0.00000E+00 0.00000E+00 0.00000E+00
 -1        95 0.00000E+00 0.00000E+00 0.00000E+00 0.00000E+00
 -1        96 0.00000E+00 0.00000E+00 0.00000E+00 0.00000E+00
 -1        97 0.00000E+00 0.00000E+00 0.00000E+00 0.00000E+00
 -1        98 0.00000E+00 0.00000E+00 0.00000E+00 0.00000E+00
 -1        99 0.00000E+00 0.00000E+00 0.00000E+00 0.00000E+00
 -1       100 0.00000E+00 0.00000E+00 0.00000E+00 0.00000E+00
 -1       101 0.00000E+00 0.00000E+00 0.00000E+00 0.00000E+00
 -1       102 0.00000E+00 0.00000E+00 0.00000E+00 0.00000E+00
 -1       103 0.00000E+00 0.00000E+00 0.00000E+00 0.00000E+00
 -1       104 0.00000E+00 0.00000E+00 0.00000E+00 0.00000E+00
 -1       105 0.00000E+00 0.00000E+00 0.00000E+00 0.00000E+00
 -1       106 0.00000E+00 0.00000E+00 0.00000E+00 0.00000E+00
 -1       107 0.00000E+00 0.00000E+00 0.00000E+00 0.00000E+00
 -1       108 0.00000E+00 0.00000E+00 0.00000E+00 0.00000E+00
 -1       109 0.00000E+00 0.00000E+00 0.00000E+00 0.00000E+00
 -1       110 0.00000E+00 0.00000E+00 0.00000E+00 0.00000E+00
 -1       111 0.00000E+00 0.00000E+00 0.00000E+00 0.00000E+00
 -1       112 0.00000E+00 0.00000E+00 0.00000E+00 0.00000E+00
 -1       113 0.00000E+00 0.00000E+00 0.00000E+00 0.00000E+00
 -1       114 0.00000E+00 0.00000E+00 0.00000E+00 0.00000E+00
 -1       115 0.00000E+00 0.00000E+00 0.00000E+00 0.00000E+00
 -1       116 0.00000E+00 0.00000E+00 0.00000E+00 0.00000E+00
 -1       117 0.00000E+00 0.00000E+00 0.00000E+00 0.00000E+00
 -1       118 0.00000E+00 0.00000E+00 0.00000E+00 0.00000E+00
 -1       119 0.00000E+00 0.00000E+00 0.00000E+00 0.00000E+00
 -1       120 0.00000E+00 0.00000E+00 0.00000E+00 0.00000E+00
 -1       121 0.00000E+00 0.00000E+00 0.00000E+00 0.00000E+00
 -1       122 0.00000E+00 0.00000E+00 0.00000E+00 0.00000E+00
 -1       123 0.00000E+00 0.00000E+00 0.00000E+00 0.00000E+00
 -1       124 0.00000E+00 0.00000E+00 0.00000E+00 0.00000E+00
 -1       125 0.00000E+00 0.00000E+00 0.00000E+00 0.00000E+00
 -1       126 0.00000E+00 0.00000E+00 0.00000E+00 0.00000E+00
 -1       127 0.00000E+00 0.00000E+00 0.00000E+00 0.00000E+00
 -1       128 0.00000E+00 0.00000E+00 0.00000E+00 0.00000E+00
 -1       129 0.00000E+00 0.00000E+00 0.00000E+00 0.00000E+00
 -1       130 0.00000E+00 0.00000E+00 0.00000E+00 0.00000E+00
 -1       131 0.00000E+00 0.00000E+00 0.00000E+00 0.00000E+00
 -1       132 0.00000E+00 0.00000E+00 0.00000E+00 0.00000E+00
 -1       133 0.00000E+00 0.00000E+00 0.00000E+00 0.00000E+00
 -1       134 0.00000E+00 0.00000E+00 0.00000E+00 0.00000E+00
 -1       135 0.00000E+00 0.00000E+00 0.00000E+00 0.00000E+00
 -1       136 0.00000E+00 0.00000E+00 0.00000E+00 0.00000E+00
 -1       137 0.00000E+00 0.00000E+00 0.00000E+00 0.00000E+00
 -1       138 0.00000E+00 0.00000E+00 0.00000E+00 0.00000E+00
 -1       139 0.00000E+00 0.00000E+00 0.00000E+00 0.00000E+00
 -1       140 0.00000E+00 0.00000E+00 0.00000E+00 0.00000E+00
 -1       141 0.00000E+00 0.00000E+00 0.00000E+00 0.00000E+00
 -1       142 0.00000E+00 0.00000E+00 0.00000E+00 0.00000E+00
 -1       143 0.00000E+00 0.00000E+00 0.00000E+00 0.00000E+00
 -1       144 0.00000E+00 0.00000E+00 0.00000E+00 0.00000E+00
 -1       145 0.00000E+00 0.00000E+00 0.00000E+00 0.00000E+00
 -1       146 0.00000E+00 0.00000E+00 0.00000E+00 0.00000E+00
 -1       147 0.00000E+00 0.00000E+00 0.00000E+00 0.00000E+00
 -1       148 0.00000E+00 0.00000E+00 0.00000E+00 0.00000E+00
 -1       149 0.00000E+00 0.00000E+00 0.00000E+00 0.00000E+00
 -1       150 0.00000E+00 0.00000E+00 0.00000E+00 0.00000E+00
 -1       151 0.00000E+00 0.00000E+00 0.00000E+00 0.00000E+00
 -1       152 0.00000E+00 0.00000E+00 0.00000E+00 0.00000E+00
 -1       153 0.00000E+00 0.00000E+00 0.00000E+00 0.00000E+00
 -1       154 0.00000E+00 0.00000E+00 0.00000E+00 0.00000E+00
 -1       155 0.00000E+00 0.00000E+00 0.00000E+00 0.00000E+00
 -1       156 0.00000E+00 0.00000E+00 0.00000E+00 0.00000E+00
 -1       157 0.00000E+00 0.00000E+00 0.00000E+00 0.00000E+00
 -1       158 0.00000E+00 0.00000E+00 0.00000E+00 0.00000E+00
 -1       159 0.00000E+00 0.00000E+00 0.00000E+00 0.00000E+00
 -1       160 0.00000E+00 0.00000E+00 0.00000E+00 0.00000E+00
 -1       161 0.00000E+00 0.00000E+00 0.00000E+00 0.00000E+00
 -1       162 0.00000E+00 0.00000E+00 0.00000E+00 0.00000E+00
 -1       163 0.00000E+00 0.00000E+00 0.00000E+00 0.00000E+00
 -1       164 0.00000E+00 0.00000E+00 0.00000E+00 0.00000E+00
 -1       165 0.00000E+00 0.00000E+00 0.00000E+00 0.00000E+00
 -1       166 0.00000E+00 0.00000E+00 0.00000E+00 0.00000E+00
 -1       167 0.00000E+00 0.00000E+00 0.00000E+00 0.00000E+00
 -1       168 0.00000E+00 0.00000E+00 0.00000E+00 0.00000E+00
 -1       169 0.00000E+00 0.00000E+00 0.00000E+00 0.00000E+00
 -1       170 0.00000E+00 0.00000E+00 0.00000E+00 0.00000E+00
 -1       171 0.00000E+00 0.00000E+00 0.00000E+00 0.00000E+00
 -1       172 0.00000E+00 0.00000E+00 0.00000E+00 0.00000E+00
 -1       173 0.00000E+00 0.00000E+00 0.00000E+00 0.00000E+00
 -1       174 0.00000E+00 0.00000E+00 0.00000E+00 0.00000E+00
 -1       175 0.00000E+00 0.00000E+00 0.00000E+00 0.00000E+00
 -1       176 0.00000E+00 0.00000E+00 0.00000E+00 0.00000E+00
 -1       177 0.00000E+00 0.00000E+00 0.00000E+00 0.00000E+00
 -1       178 0.00000E+00 0.00000E+00 0.00000E+00 0.00000E+00
 -1       179 0.00000E+00 0.00000E+00 0.00000E+00 0.00000E+00
 -1       180 0.00000E+00 0.00000E+00 0.00000E+00 0.00000E+00
 -1       181 0.00000E+00 0.00000E+00 0.00000E+00 0.00000E+00
 -1       182 0.00000E+00 0.00000E+00 0.00000E+00 0.00000E+00
 -1       183 0.00000E+00 0.00000E+00 0.00000E+00 0.00000E+00
 -1       184 0.00000E+00 0.00000E+00 0.00000E+00 0.00000E+00
 -1       185 0.00000E+00 0.00000E+00 0.00000E+00 0.00000E+00
 -1       186 0.00000E+00 0.00000E+00 0.00000E+00 0.00000E+00
 -1       187 0.00000E+00 0.00000E+00 0.00000E+00 0.00000E+00
 -1       188 0.00000E+00 0.00000E+00 0.00000E+00 0.00000E+00
 -1       189 0.00000E+00 0.00000E+00 0.00000E+00 0.00000E+00
 -1       190 0.00000E+00 0.00000E+00 0.00000E+00 0.00000E+00
 -1       191 0.00000E+00 0.00000E+00 0.00000E+00 0.00000E+00
 -1       192 0.00000E+00 0.00000E+00 0.00000E+00 0.00000E+00
 -1       193 0.00000E+00 0.00000E+00 0.00000E+00 0.00000E+00
 -1       194 0.00000E+00 0.00000E+00 0.00000E+00 0.00000E+00
 -1       195 0.00000E+00 0.00000E+00 0.00000E+00 0.00000E+00
 -1       196 0.00000E+00 0.00000E+00 0.00000E+00 0.00000E+00
 -1       197 0.00000E+00 0.00000E+00 0.00000E+00 0.00000E+00
 -1       198 0.00000E+00 0.00000E+00 0.00000E+00 0.00000E+00
 -1       199 0.00000E+00 0.00000E+00 0.00000E+00 0.00000E+00
 -1       200 0.00000E+00 0.00000E+00 0.00000E+00 0.00000E+00
 -1       201 0.00000E+00 0.00000E+00 0.00000E+00 0.00000E+00
 -1       202 0.00000E+00 0.00000E+00 0.00000E+00 0.00000E+00
 -1       203 0.00000E+00 0.00000E+00 0.00000E+00 0.00000E+00
 -1       204 0.00000E+00 0.00000E+00 0.00000E+00 0.00000E+00
 -1       205 0.00000E+00 0.00000E+00 0.00000E+00 0.00000E+00
 -1       206 0.00000E+00 0.00000E+00 0.00000E+00 0.00000E+00
 -1       207 0.00000E+00 0.00000E+00 0.00000E+00 0.00000E+00
 -1       208 0.00000E+00 0.00000E+00 0.00000E+00 0.00000E+00
 -1       209 0.00000E+00 0.00000E+00 0.00000E+00 0.00000E+00
 -1       210 0.00000E+00 0.00000E+00 0.00000E+00 0.00000E+00
 -1       211 0.00000E+00 0.00000E+00 0.00000E+00 0.00000E+00
 -1       212 0.00000E+00 0.00000E+00 0.00000E+00 0.00000E+00
 -1       213 0.00000E+00 0.00000E+00 0.00000E+00 0.00000E+00
 -1       214 0.00000E+00 0.00000E+00 0.00000E+00 0.00000E+00
 -1       215 0.00000E+00 0.00000E+00 0.00000E+00 0.00000E+00
 -1       216 0.00000E+00 0.00000E+00 0.00000E+00 0.00000E+00
 -1       217 0.00000E+00 0.00000E+00 0.00000E+00 0.00000E+00
 -1       218 0.00000E+00 0.00000E+00 0.00000E+00 0.00000E+00
 -1       219 0.00000E+00 0.00000E+00 0.00000E+00 0.00000E+00
 -1       220 0.00000E+00 0.00000E+00 0.00000E+00 0.00000E+00
 -1       221 0.00000E+00 0.00000E+00 0.00000E+00 0.00000E+00
 -1       222 0.00000E+00 0.00000E+00 0.00000E+00 0.00000E+00
 -1       223 0.00000E+00 0.00000E+00 0.00000E+00 0.00000E+00
 -1       224 0.00000E+00 0.00000E+00 0.00000E+00 0.00000E+00
 -1       225 0.00000E+00 0.00000E+00 0.00000E+00 0.00000E+00
 -1       226 0.00000E+00 0.00000E+00 0.00000E+00 0.00000E+00
 -1       227 0.00000E+00 0.00000E+00 0.00000E+00 0.00000E+00
 -1       228 0.00000E+00 0.00000E+00 0.00000E+00 0.00000E+00
 -1       229 0.00000E+00 0.00000E+00 0.00000E+00 0.00000E+00
 -1       230 0.00000E+00 0.00000E+00 0.00000E+00 0.00000E+00
 -1       231 0.00000E+00 0.00000E+00 0.00000E+00 0.00000E+00
 -1       232 0.00000E+00 0.00000E+00 0.00000E+00 0.00000E+00
 -1       233 0.00000E+00 0.00000E+00 0.00000E+00 0.00000E+00
 -1       234 0.00000E+00 0.00000E+00 0.00000E+00 0.00000E+00
 -1       235 0.00000E+00 0.00000E+00 0.00000E+00 0.00000E+00
 -1       236 0.00000E+00 0.00000E+00 0.00000E+00 0.00000E+00
 -1       237 0.00000E+00 0.00000E+00 0.00000E+00 0.00000E+00
 -1       238 0.00000E+00 0.00000E+00 0.00000E+00 0.00000E+00
 -1       239 0.00000E+00 0.00000E+00 0.00000E+00 0.00000E+00
 -1       240 0.00000E+00 0.00000E+00 0.00000E+00 0.00000E+00
 -1       241 0.00000E+00 0.00000E+00 0.00000E+00 0.00000E+00
 -1       242 0.00000E+00 0.00000E+00 0.00000E+00 0.00000E+00
 -1       243 0.00000E+00 0.00000E+00 0.00000E+00 0.00000E+00
 -1       244 0.00000E+00 0.00000E+00 0.00000E+00 0.00000E+00
 -1       245 0.00000E+00 0.00000E+00 0.00000E+00 0.00000E+00
 -1       246 0.00000E+00 0.00000E+00 0.00000E+00 0.00000E+00
 -1       247 0.00000E+00 0.00000E+00 0.00000E+00 0.00000E+00
 -1       248 0.00000E+00 0.00000E+00 0.00000E+00 0.00000E+00
 -1       249 0.00000E+00 0.00000E+00 0.00000E+00 0.00000E+00
 -1       250 0.00000E+00 0.00000E+00 0.00000E+00 0.00000E+00
 -1       251 0.00000E+00 0.00000E+00 0.00000E+00 0.00000E+00
 -1       252 0.00000E+00 0.00000E+00 0.00000E+00 0.00000E+00
 -1       253 0.00000E+00 0.00000E+00 0.00000E+00 0.00000E+00
 -1       254 0.00000E+00 0.00000E+00 0.00000E+00 0.00000E+00
 -1       255 0.00000E+00 0.00000E+00 0.00000E+00 0.00000E+00
 -1       256 0.00000E+00 0.00000E+00 0.00000E+00 0.00000E+00
 -1       257 0.00000E+00 0.00000E+00 0.00000E+00 0.00000E+00
 -1       258 0.00000E+00 0.00000E+00 0.00000E+00 0.00000E+00
 -1       259 0.00000E+00 0.00000E+00 0.00000E+00 0.00000E+00
 -1       260 0.00000E+00 0.00000E+00 0.00000E+00 0.00000E+00
 -1       261 0.00000E+00 0.00000E+00 0.00000E+00 0.00000E+00
 -1       262 0.00000E+00 0.00000E+00 0.00000E+00 0.00000E+00
 -1       263 0.00000E+00 0.00000E+00 0.00000E+00 0.00000E+00
 -1       264 0.00000E+00 0.00000E+00 0.00000E+00 0.00000E+00
 -1       265 0.00000E+00 0.00000E+00 0.00000E+00 0.00000E+00
 -1       266 0.00000E+00 0.00000E+00 0.00000E+00 0.00000E+00
 -3
    1PSTEP                         9           1           1
  100CL  101 1.00000E+00         266                     0    1           1
 -4  PTGAP       1    1
 -5  GAP         1    1    1    0
 -1         1 0.00000E+00
 -1         2 0.00000E+00
 -1         3 0.00000E+00
 -1         4 0.00000E+00
 -1         5 0.00000E+00
 -1         6 0.00000E+00
 -1         7 0.00000E+00
 -1         8 0.00000E+00
 -1         9 0.00000E+00
 -1        10 0.00000E+00
 -1        11 0.00000E+00
 -1        12 0.00000E+00
 -1        13 0.00000E+00
 -1        14 0.00000E+00
 -1        15 0.00000E+00
 -1        16 0.00000E+00
 -1        17 0.00000E+00
 -1        18 0.00000E+00
 -1        19 0.00000E+00
 -1        20 0.00000E+00
 -1        21 0.00000E+00
 -1        22 0.00000E+00
 -1        23 0.00000E+00
 -1        24 0.00000E+00
 -1        25 0.00000E+00
 -1        26 0.00000E+00
 -1        27 0.00000E+00
 -1        28 0.00000E+00
 -1        29 0.00000E+00
 -1        30 0.00000E+00
 -1        31 0.00000E+00
 -1        32 0.00000E+00
 -1        33 0.00000E+00
 -1        34 0.00000E+00
 -1        35 0.00000E+00
 -1        36 0.00000E+00
 -1        37 0.00000E+00
 -1        38 0.00000E+00
 -1        39 0.00000E+00
 -1        40 0.00000E+00
 -1        41 0.00000E+00
 -1        42 0.00000E+00
 -1        43 0.00000E+00
 -1        44 0.00000E+00
 -1        45 0.00000E+00
 -1        46 0.00000E+00
 -1        47 0.00000E+00
 -1        48 0.00000E+00
 -1        49 0.00000E+00
 -1        50 0.00000E+00
 -1        51 0.00000E+00
 -1        52 0.00000E+00
 -1        53 0.00000E+00
 -1        54 0.00000E+00
 -1        55 0.00000E+00
 -1        56 0.00000E+00
 -1        57 0.00000E+00
 -1        58 0.00000E+00
 -1        59 0.00000E+00
 -1        60 0.00000E+00
 -1        61 0.00000E+00
 -1        62 0.00000E+00
 -1        63 0.00000E+00
 -1        64 0.00000E+00
 -1        65 0.00000E+00
 -1        66 0.00000E+00
 -1        67 0.00000E+00
 -1        68 0.00000E+00
 -1        69 0.00000E+00
 -1        70 0.00000E+00
 -1        71 0.00000E+00
 -1        72 0.00000E+00
 -1        73 0.00000E+00
 -1        74 0.00000E+00
 -1        75 0.00000E+00
 -1        76 0.00000E+00
 -1        77 0.00000E+00
 -1        78 0.00000E+00
 -1        79 0.00000E+00
 -1        80 0.00000E+00
 -1        81 0.00000E+00
 -1        82 0.00000E+00
 -1        83 0.00000E+00
 -1        84 0.00000E+00
 -1        85 0.00000E+00
 -1        86 0.00000E+00
 -1        87 0.00000E+00
 -1        88 0.00000E+00
 -1        89 0.00000E+00
 -1        90 0.00000E+00
 -1        91 0.00000E+00
 -1        92 0.00000E+00
 -1        93 0.00000E+00
 -1        94 0.00000E+00
 -1        95 0.00000E+00
 -1        96 0.00000E+00
 -1        97 0.00000E+00
 -1        98 0.00000E+00
 -1        99 0.00000E+00
 -1       100 0.00000E+00
 -1       101 0.00000E+00
 -1       102 0.00000E+00
 -1       103 0.00000E+00
 -1       104 0.00000E+00
 -1       105 0.00000E+00
 -1       106 0.00000E+00
 -1       107 0.00000E+00
 -1       108 0.00000E+00
 -1       109 0.00000E+00
 -1       110 0.00000E+00
 -1       111 0.00000E+00
 -1       112 0.00000E+00
 -1       113 0.00000E+00
 -1       114 0.00000E+00
 -1       115 0.00000E+00
 -1       116 0.00000E+00
 -1       117 0.00000E+00
 -1       118 0.00000E+00
 -1       119 0.00000E+00
 -1       120 0.00000E+00
 -1       121 0.00000E+00
 -1       122 0.00000E+00
 -1       123 0.00000E+00
 -1       124 0.00000E+00
 -1       125 0.00000E+00
 -1       126 0.00000E+00
 -1       127 0.00000E+00
 -1       128 0.00000E+00
 -1       129 0.00000E+00
 -1       130 0.00000E+00
 -1       131 0.00000E+00
 -1       132 0.00000E+00
 -1       133 0.00000E+00
 -1       134 0.00000E+00
 -1       135 0.00000E+00
 -1       136 0.00000E+00
 -1       137 0.00000E+00
 -1       138 0.00000E+00
 -1       139 0.00000E+00
 -1       140 0.00000E+00
 -1       141 0.00000E+00
 -1       142 0.00000E+00
 -1       143 0.00000E+00
 -1       144 0.00000E+00
 -1       145 0.00000E+00
 -1       146 0.00000E+00
 -1       147 0.00000E+00
 -1       148 0.00000E+00
 -1       149 0.00000E+00
 -1       150 0.00000E+00
 -1       151 0.00000E+00
 -1       152 0.00000E+00
 -1       153 0.00000E+00
 -1       154 0.00000E+00
 -1       155 0.00000E+00
 -1       156 0.00000E+00
 -1       157 0.00000E+00
 -1       158 0.00000E+00
 -1       159 0.00000E+00
 -1       160 0.00000E+00
 -1       161 0.00000E+00
 -1       162 0.00000E+00
 -1       163 0.00000E+00
 -1       164 0.00000E+00
 -1       165 0.00000E+00
 -1       166 0.00000E+00
 -1       167 0.00000E+00
 -1       168 0.00000E+00
 -1       169 0.00000E+00
 -1       170 1.00000E+00
 -1       171 0.00000E+00
 -1       172 1.00000E+00
 -1       173 0.00000E+00
 -1       174 1.00000E+00
 -1       175 1.00000E+00
 -1       176 0.00000E+00
 -1       177 1.00000E+00
 -1       178 0.00000E+00
 -1       179 1.00000E+00
 -1       180 0.00000E+00
 -1       181 1.00000E+00
 -1       182 0.00000E+00
 -1       183 1.00000E+00
 -1       184 0.00000E+00
 -1       185 1.00000E+00
 -1       186 0.00000E+00
 -1       187 1.00000E+00
 -1       188 0.00000E+00
 -1       189 1.00000E+00
 -1       190 0.00000E+00
 -1       191 0.00000E+00
 -1       192 1.00000E+00
 -1       193 0.00000E+00
 -1       194 1.00000E+00
 -1       195 0.00000E+00
 -1       196 1.00000E+00
 -1       197 1.00000E+00
 -1       198 0.00000E+00
 -1       199 1.00000E+00
 -1       200 0.00000E+00
 -1       201 1.00000E+00
 -1       202 0.00000E+00
 -1       203 0.00000E+00
 -1       204 1.00000E+00
 -1       205 1.00000E+00
 -1       206 0.00000E+00
 -1       207 1.00000E+00
 -1       208 0.00000E+00
 -1       209 1.00000E+00
 -1       210 0.00000E+00
 -1       211 0.00000E+00
 -1       212 1.00000E+00
 -1       213 0.00000E+00
 -1       214 1.00000E+00
 -1       215 1.00000E+00
 -1       216 0.00000E+00
 -1       217 1.00000E+00
 -1       218 0.00000E+00
 -1       219 0.00000E+00
 -1       220 1.00000E+00
 -1       221 1.00000E+00
 -1       222 0.00000E+00
 -1       223 1.00000E+00
 -1       224 0.00000E+00
 -1       225 1.00000E+00
 -1       226 0.00000E+00
 -1       227 1.00000E+00
 -1       228 0.00000E+00
 -1       229 1.00000E+00
 -1       230 0.00000E+00
 -1       231 1.00000E+00
 -1       232 0.00000E+00
 -1       233 1.00000E+00
 -1       234 0.00000E+00
 -1       235 1.00000E+00
 -1       236 0.00000E+00
 -1       237 1.00000E+00
 -1       238 0.00000E+00
 -1       239 1.00000E+00
 -1       240 0.00000E+00
 -1       241 1.00000E+00
 -1       242 0.00000E+00
 -1       243 1.00000E+00
 -1       244 0.00000E+00
 -1       245 0.00000E+00
 -1       246 1.00000E+00
 -1       247 1.00000E+00
 -1       248 0.00000E+00
 -1       249 1.00000E+00
 -1       250 0.00000E+00
 -1       251 1.00000E+00
 -1       252 0.00000E+00
 -1       253 1.00000E+00
 -1       254 0.00000E+00
 -1       255 1.00000E+00
 -1       256 0.00000E+00
 -1       257 1.00000E+00
 -1       258 0.00000E+00
 -1       259 0.00000E+00
 -1       260 1.00000E+00
 -1       261 1.00000E+00
 -1       262 0.00000E+00
 -1       263 1.00000E+00
 -1       264 0.00000E+00
 -1       265 1.00000E+00
 -1       266 0.00000E+00
 -3
    1PSTEP                        10           1           1
  100CL  101 1.00000E+00         266                     0    1           1
 -4  FORC        7    1
 -5  F1          1    2    1    0
 -5  F2          1    2    2    0
 -5  F3          1    2    3    0
 -5  F4          1    1    4    0
 -5  F5          1    1    5    0
 -5  F6          1    1    6    0
 -5  ALL         1    2    0    0    1ALL
 -1         1 3.34340E+04-4.99552E+02 6.65083E+04 0.00000E+00 0.00000E+00 0.00000E+00
 -2           7.44408E+04
 -1         2-3.38193E+04-3.25377E+02 6.67055E+04 0.00000E+00 0.00000E+00 0.00000E+00
 -2           7.47895E+04
 -1         3-3.64923E+04-2.44612E+03-6.30783E+04 0.00000E+00 0.00000E+00 0.00000E+00
 -2           7.29146E+04
 -1         4 4.04687E+04-1.79390E+03-6.81096E+04 0.00000E+00 0.00000E+00 0.00000E+00
 -2           7.92455E+04
 -1         5 3.80891E+04 2.51728E+04 9.18633E+04 0.00000E+00 0.00000E+00 0.00000E+00
 -2           1.02583E+05
 -1         6 2.12157E+04 3.35977E+04 6.42629E+04 0.00000E+00 0.00000E+00 0.00000E+00
 -2           7.55555E+04
 -1         7-2.74440E+03 4.40397E+04 9.39608E+04 0.00000E+00 0.00000E+00 0.00000E+00
 -2           1.03806E+05
 -1         8-1.83439E+04 3.22244E+04 6.10250E+04 0.00000E+00 0.00000E+00 0.00000E+00
 -2           7.14071E+04
 -1         9-4.53115E+04 3.18330E+04 9.58117E+04 0.00000E+00 0.00000E+00 0.00000E+00
 -2           1.10663E+05
 -1        10 0.00000E+00 0.00000E+00 0.00000E+00 0.00000E+00 0.00000E+00 0.00000E+00
 -2           0.00000E+00
 -1        11 0.00000E+00 0.00000E+00 0.00000E+00 0.00000E+00 0.00000E+00 0.00000E+00
 -2           0.00000E+00
 -1        12 0.00000E+00 0.00000E+00 0.00000E+00 0.00000E+00 0.00000E+00 0.00000E+00
 -2           0.00000E+00
 -1        13 0.00000E+00 0.00000E+00 0.00000E+00 0.00000E+00 0.00000E+00 0.00000E+00
 -2           0.00000E+00
 -1        14 0.00000E+00 0.00000E+00 0.00000E+00 0.00000E+00 0.00000E+00 0.00000E+00
 -2           0.00000E+00
 -1        15 0.00000E+00 0.00000E+00 0.00000E+00 0.00000E+00 0.00000E+00 0.00000E+00
 -2           0.00000E+00
 -1        16 0.00000E+00 0.00000E+00 0.00000E+00 0.00000E+00 0.00000E+00 0.00000E+00
 -2           0.00000E+00
 -1        17 0.00000E+00 0.00000E+00 0.00000E+00 0.00000E+00 0.00000E+00 0.00000E+00
 -2           0.00000E+00
 -1        18 0.00000E+00 0.00000E+00 0.00000E+00 0.00000E+00 0.00000E+00 0.00000E+00
 -2           0.00000E+00
 -1        19 3.60138E+04 2.65332E+04-8.97216E+04 0.00000E+00 0.00000E+00 0.00000E+00
 -2           1.00255E+05
 -1        20 1.78930E+04 3.16684E+04-6.09862E+04 0.00000E+00 0.00000E+00 0.00000E+00
 -2           7.10096E+04
 -1        21 2.17049E+03 4.25697E+04-9.15873E+04 0.00000E+00 0.00000E+00 0.00000E+00
 -2           1.01020E+05
 -1        22-1.94637E+04 3.20790E+04-6.02490E+04 0.00000E+00 0.00000E+00 0.00000E+00
 -2           7.09778E+04
 -1        23-3.60954E+04 2.49201E+04-8.57849E+04 0.00000E+00 0.00000E+00 0.00000E+00
 -2           9.63480E+04
 -1        24 0.00000E+00 0.00000E+00 0.00000E+00 0.00000E+00 0.00000E+00 0.00000E+00
 -2           0.00000E+00
 -1        25 0.00000E+00 0.00000E+00 0.00000E+00 0.00000E+00 0.00000E+00 0.00000E+00
 -2           0.00000E+00
 -1        26 0.00000E+00 0.00000E+00 0.00000E+00 0.00000E+00 0.00000E+00 0.00000E+00
 -2           0.00000E+00
 -1        27 0.00000E+00 0.00000E+00 0.00000E+00 0.00000E+00 0.00000E+00 0.00000E+00
 -2           0.00000E+00
 -1        28 0.00000E+00 0.00000E+00 0.00000E+00 0.00000E+00 0.00000E+00 0.00000E+00
 -2           0.00000E+00
 -1        29 0.00000E+00 0.00000E+00 0.00000E+00 0.00000E+00 0.00000E+00 0.00000E+00
 -2           0.00000E+00
 -1        30 0.00000E+00 0.00000E+00 0.00000E+00 0.00000E+00 0.00000E+00 0.00000E+00
 -2           0.00000E+00
 -1        31 0.00000E+00 0.00000E+00 0.00000E+00 0.00000E+00 0.00000E+00 0.00000E+00
 -2           0.00000E+00
 -1        32 0.00000E+00 0.00000E+00 0.00000E+00 0.00000E+00 0.00000E+00 0.00000E+00
 -2           0.00000E+00
 -1        33-3.25152E+04-1.73804E+04-9.37809E+04 0.00000E+00 0.00000E+00 0.00000E+00
 -2           1.00768E+05
 -1        34-1.78108E+04-2.90858E+04-6.65199E+04 0.00000E+00 0.00000E+00 0.00000E+00
 -2           7.47537E+04
 -1        35 1.94994E+03-3.91479E+04-9.68490E+04 0.00000E+00 0.00000E+00 0.00000E+00
 -2           1.04480E+05
 -1        36 1.52522E+04-2.93367E+04-6.34905E+04 0.00000E+00 0.00000E+00 0.00000E+00
 -2           7.15843E+04
 -1        37 3.38287E+04-2.22559E+04-9.11394E+04 0.00000E+00 0.00000E+00 0.00000E+00
 -2           9.97301E+04
 -1        38-4.12646E+04-2.53430E+04 9.52393E+04 0.00000E+00 0.00000E+00 0.00000E+00
 -2           1.06844E+05
 -1        39-2.01711E+04-3.38171E+04 6.40071E+04 0.00000E+00 0.00000E+00 0.00000E+00
 -2           7.51491E+04
 -1        40-3.82791E+03-4.54304E+04 9.77514E+04 0.00000E+00 0.00000E+00 0.00000E+00
 -2           1.07861E+05
 -1        41 2.42453E+04-3.95140E+04 6.33893E+04 0.00000E+00 0.00000E+00 0.00000E+00
 -2           7.85328E+04
 -1        42 4.22100E+04-2.54560E+04 9.55828E+04 0.00000E+00 0.00000E+00 0.00000E+00
 -2           1.07544E+05
 -1        43 0.00000E+00 0.00000E+00 0.00000E+00 0.00000E+00 0.00000E+00 0.00000E+00
 -2           0.00000E+00
 -1        44 0.00000E+00 0.00000E+00 0.00000E+00 0.00000E+00 0.00000E+00 0.00000E+00
 -2           0.00000E+00
 -1        45 0.00000E+00 0.00000E+00 0.00000E+00 0.00000E+00 0.00000E+00 0.00000E+00
 -2           0.00000E+00
 -1        46 0.00000E+00 0.00000E+00 0.00000E+00 0.00000E+00 0.00000E+00 0.00000E+00
 -2           0.00000E+00
 -1        47 0.00000E+00 0.00000E+00 0.00000E+00 0.00000E+00 0.00000E+00 0.00000E+00
 -2           0.00000E+00
 -1        48 0.00000E+00 0.00000E+00 0.00000E+00 0.00000E+00 0.00000E+00 0.00000E+00
 -2           0.00000E+00
 -1        49 0.00000E+00 0.00000E+00 0.00000E+00 0.00000E+00 0.00000E+00 0.00000E+00
 -2           0.00000E+00
 -1        50 0.00000E+00 0.00000E+00 0.00000E+00 0.00000E+00 0.00000E+00 0.00000E+00
 -2           0.00000E+00
 -1        51 0.00000E+00 0.00000E+00 0.00000E+00 0.00000E+00 0.00000E+00 0.00000E+00
 -2           0.00000E+00
 -1        52 0.00000E+00 0.00000E+00 0.00000E+00 0.00000E+00 0.00000E+00 0.00000E+00
 -2           0.00000E+00
 -1        53 0.00000E+00 0.00000E+00 0.00000E+00 0.00000E+00 0.00000E+00 0.00000E+00
 -2           0.00000E+00
 -1        54 0.00000E+00 0.00000E+00 0.00000E+00 0.00000E+00 0.00000E+00 0.00000E+00
 -2           0.00000E+00
 -1        55 0.00000E+00 0.00000E+00 0.00000E+00 0.00000E+00 0.00000E+00 0.00000E+00
 -2           0.00000E+00
 -1        56 0.00000E+00 0.00000E+00 0.00000E+00 0.00000E+00 0.00000E+00 0.00000E+00
 -2           0.00000E+00
 -1        57 0.00000E+00 0.00000E+00 0.00000E+00 0.00000E+00 0.00000E+00 0.00000E+00
 -2           0.00000E+00
 -1        58 0.00000E+00 0.00000E+00 0.00000E+00 0.00000E+00 0.00000E+00 0.00000E+00
 -2           0.00000E+00
 -1        59 0.00000E+00 0.00000E+00 0.00000E+00 0.00000E+00 0.00000E+00 0.00000E+00
 -2           0.00000E+00
 -1        60 0.00000E+00 0.00000E+00 0.00000E+00 0.00000E+00 0.00000E+00 0.00000E+00
 -2           0.00000E+00
 -1        61 0.00000E+00 0.00000E+00 0.00000E+00 0.00000E+00 0.00000E+00 0.00000E+00
 -2           0.00000E+00
 -1        62 0.00000E+00 0.00000E+00 0.00000E+00 0.00000E+00 0.00000E+00 0.00000E+00
 -2           0.00000E+00
 -1        63 0.00000E+00 0.00000E+00 0.00000E+00 0.00000E+00 0.00000E+00 0.00000E+00
 -2           0.00000E+00
 -1        64 0.00000E+00 0.00000E+00 0.00000E+00 0.00000E+00 0.00000E+00 0.00000E+00
 -2           0.00000E+00
 -1        65 0.00000E+00 0.00000E+00 0.00000E+00 0.00000E+00 0.00000E+00 0.00000E+00
 -2           0.00000E+00
 -1        66 0.00000E+00 0.00000E+00 0.00000E+00 0.00000E+00 0.00000E+00 0.00000E+00
 -2           0.00000E+00
 -1        67 0.00000E+00 0.00000E+00 0.00000E+00 0.00000E+00 0.00000E+00 0.00000E+00
 -2           0.00000E+00
 -1        68 0.00000E+00 0.00000E+00 0.00000E+00 0.00000E+00 0.00000E+00 0.00000E+00
 -2           0.00000E+00
 -1        69 0.00000E+00 0.00000E+00 0.00000E+00 0.00000E+00 0.00000E+00 0.00000E+00
 -2           0.00000E+00
 -1        70 0.00000E+00 0.00000E+00 0.00000E+00 0.00000E+00 0.00000E+00 0.00000E+00
 -2           0.00000E+00
 -1        71 0.00000E+00 0.00000E+00 0.00000E+00 0.00000E+00 0.00000E+00 0.00000E+00
 -2           0.00000E+00
 -1        72 0.00000E+00 0.00000E+00 0.00000E+00 0.00000E+00 0.00000E+00 0.00000E+00
 -2           0.00000E+00
 -1        73 0.00000E+00 0.00000E+00 0.00000E+00 0.00000E+00 0.00000E+00 0.00000E+00
 -2           0.00000E+00
 -1        74 0.00000E+00 0.00000E+00 0.00000E+00 0.00000E+00 0.00000E+00 0.00000E+00
 -2           0.00000E+00
 -1        75 0.00000E+00 0.00000E+00 0.00000E+00 0.00000E+00 0.00000E+00 0.00000E+00
 -2           0.00000E+00
 -1        76 0.00000E+00 0.00000E+00 0.00000E+00 0.00000E+00 0.00000E+00 0.00000E+00
 -2           0.00000E+00
 -1        77 0.00000E+00 0.00000E+00 0.00000E+00 0.00000E+00 0.00000E+00 0.00000E+00
 -2           0.00000E+00
 -1        78 0.00000E+00 0.00000E+00 0.00000E+00 0.00000E+00 0.00000E+00 0.00000E+00
 -2           0.00000E+00
 -1        79 0.00000E+00 0.00000E+00 0.00000E+00 0.00000E+00 0.00000E+00 0.00000E+00
 -2           0.00000E+00
 -1        80 0.00000E+00 0.00000E+00 0.00000E+00 0.00000E+00 0.00000E+00 0.00000E+00
 -2           0.00000E+00
 -1        81 0.00000E+00 0.00000E+00 0.00000E+00 0.00000E+00 0.00000E+00 0.00000E+00
 -2           0.00000E+00
 -1        82 0.00000E+00 0.00000E+00 0.00000E+00 0.00000E+00 0.00000E+00 0.00000E+00
 -2           0.00000E+00
 -1        83 0.00000E+00 0.00000E+00 0.00000E+00 0.00000E+00 0.00000E+00 0.00000E+00
 -2           0.00000E+00
 -1        84 0.00000E+00 0.00000E+00 0.00000E+00 0.00000E+00 0.00000E+00 0.00000E+00
 -2           0.00000E+00
 -1        85 0.00000E+00 0.00000E+00 0.00000E+00 0.00000E+00 0.00000E+00 0.00000E+00
 -2           0.00000E+00
 -1        86 0.00000E+00 0.00000E+00 0.00000E+00 0.00000E+00 0.00000E+00 0.00000E+00
 -2           0.00000E+00
 -1        87 0.00000E+00 0.00000E+00 0.00000E+00 0.00000E+00 0.00000E+00 0.00000E+00
 -2           0.00000E+00
 -1        88 0.00000E+00 0.00000E+00 0.00000E+00 0.00000E+00 0.00000E+00 0.00000E+00
 -2           0.00000E+00
 -1        89 0.00000E+00 0.00000E+00 0.00000E+00 0.00000E+00 0.00000E+00 0.00000E+00
 -2           0.00000E+00
 -1        90 0.00000E+00 0.00000E+00 0.00000E+00 0.00000E+00 0.00000E+00 0.00000E+00
 -2           0.00000E+00
 -1        91 0.00000E+00 0.00000E+00 0.00000E+00 0.00000E+00 0.00000E+00 0.00000E+00
 -2           0.00000E+00
 -1        92 0.00000E+00 0.00000E+00 0.00000E+00 0.00000E+00 0.00000E+00 0.00000E+00
 -2           0.00000E+00
 -1        93 0.00000E+00 0.00000E+00 0.00000E+00 0.00000E+00 0.00000E+00 0.00000E+00
 -2           0.00000E+00
 -1        94 0.00000E+00 0.00000E+00 0.00000E+00 0.00000E+00 0.00000E+00 0.00000E+00
 -2           0.00000E+00
 -1        95 0.00000E+00 0.00000E+00 0.00000E+00 0.00000E+00 0.00000E+00 0.00000E+00
 -2           0.00000E+00
 -1        96 0.00000E+00 0.00000E+00 0.00000E+00 0.00000E+00 0.00000E+00 0.00000E+00
 -2           0.00000E+00
 -1        97 0.00000E+00 0.00000E+00 0.00000E+00 0.00000E+00 0.00000E+00 0.00000E+00
 -2           0.00000E+00
 -1        98 0.00000E+00 0.00000E+00 0.00000E+00 0.00000E+00 0.00000E+00 0.00000E+00
 -2           0.00000E+00
 -1        99 0.00000E+00 0.00000E+00 0.00000E+00 0.00000E+00 0.00000E+00 0.00000E+00
 -2           0.00000E+00
 -1       100 0.00000E+00 0.00000E+00 0.00000E+00 0.00000E+00 0.00000E+00 0.00000E+00
 -2           0.00000E+00
 -1       101 0.00000E+00 0.00000E+00 0.00000E+00 0.00000E+00 0.00000E+00 0.00000E+00
 -2           0.00000E+00
 -1       102 0.00000E+00 0.00000E+00 0.00000E+00 0.00000E+00 0.00000E+00 0.00000E+00
 -2           0.00000E+00
 -1       103 0.00000E+00 0.00000E+00 0.00000E+00 0.00000E+00 0.00000E+00 0.00000E+00
 -2           0.00000E+00
 -1       104 0.00000E+00 0.00000E+00 0.00000E+00 0.00000E+00 0.00000E+00 0.00000E+00
 -2           0.00000E+00
 -1       105 0.00000E+00 0.00000E+00 0.00000E+00 0.00000E+00 0.00000E+00 0.00000E+00
 -2           0.00000E+00
 -1       106 0.00000E+00 0.00000E+00 0.00000E+00 0.00000E+00 0.00000E+00 0.00000E+00
 -2           0.00000E+00
 -1       107 0.00000E+00 0.00000E+00 0.00000E+00 0.00000E+00 0.00000E+00 0.00000E+00
 -2           0.00000E+00
 -1       108 0.00000E+00 0.00000E+00 0.00000E+00 0.00000E+00 0.00000E+00 0.00000E+00
 -2           0.00000E+00
 -1       109 0.00000E+00 0.00000E+00 0.00000E+00 0.00000E+00 0.00000E+00 0.00000E+00
 -2           0.00000E+00
 -1       110 0.00000E+00 0.00000E+00 0.00000E+00 0.00000E+00 0.00000E+00 0.00000E+00
 -2           0.00000E+00
 -1       111 0.00000E+00 0.00000E+00 0.00000E+00 0.00000E+00 0.00000E+00 0.00000E+00
 -2           0.00000E+00
 -1       112 0.00000E+00 0.00000E+00 0.00000E+00 0.00000E+00 0.00000E+00 0.00000E+00
 -2           0.00000E+00
 -1       113 0.00000E+00 0.00000E+00 0.00000E+00 0.00000E+00 0.00000E+00 0.00000E+00
 -2           0.00000E+00
 -1       114 0.00000E+00 0.00000E+00 0.00000E+00 0.00000E+00 0.00000E+00 0.00000E+00
 -2           0.00000E+00
 -1       115 0.00000E+00 0.00000E+00 0.00000E+00 0.00000E+00 0.00000E+00 0.00000E+00
 -2           0.00000E+00
 -1       116 0.00000E+00 0.00000E+00 0.00000E+00 0.00000E+00 0.00000E+00 0.00000E+00
 -2           0.00000E+00
 -1       117 0.00000E+00 0.00000E+00 0.00000E+00 0.00000E+00 0.00000E+00 0.00000E+00
 -2           0.00000E+00
 -1       118 0.00000E+00 0.00000E+00 0.00000E+00 0.00000E+00 0.00000E+00 0.00000E+00
 -2           0.00000E+00
 -1       119 0.00000E+00 0.00000E+00 0.00000E+00 0.00000E+00 0.00000E+00 0.00000E+00
 -2           0.00000E+00
 -1       120 0.00000E+00 0.00000E+00 0.00000E+00 0.00000E+00 0.00000E+00 0.00000E+00
 -2           0.00000E+00
 -1       121 0.00000E+00 0.00000E+00 0.00000E+00 0.00000E+00 0.00000E+00 0.00000E+00
 -2           0.00000E+00
 -1       122 0.00000E+00 0.00000E+00 0.00000E+00 0.00000E+00 0.00000E+00 0.00000E+00
 -2           0.00000E+00
 -1       123 0.00000E+00 0.00000E+00 0.00000E+00 0.00000E+00 0.00000E+00 0.00000E+00
 -2           0.00000E+00
 -1       124 0.00000E+00 0.00000E+00 0.00000E+00 0.00000E+00 0.00000E+00 0.00000E+00
 -2           0.00000E+00
 -1       125 0.00000E+00 0.00000E+00 0.00000E+00 0.00000E+00 0.00000E+00 0.00000E+00
 -2           0.00000E+00
 -1       126 0.00000E+00 0.00000E+00 0.00000E+00 0.00000E+00 0.00000E+00 0.00000E+00
 -2           0.00000E+00
 -1       127 0.00000E+00 0.00000E+00 0.00000E+00 0.00000E+00 0.00000E+00 0.00000E+00
 -2           0.00000E+00
 -1       128 0.00000E+00 0.00000E+00 0.00000E+00 0.00000E+00 0.00000E+00 0.00000E+00
 -2           0.00000E+00
 -1       129 0.00000E+00 0.00000E+00 0.00000E+00 0.00000E+00 0.00000E+00 0.00000E+00
 -2           0.00000E+00
 -1       130 0.00000E+00 0.00000E+00 0.00000E+00 0.00000E+00 0.00000E+00 0.00000E+00
 -2           0.00000E+00
 -1       131 0.00000E+00 0.00000E+00 0.00000E+00 0.00000E+00 0.00000E+00 0.00000E+00
 -2           0.00000E+00
 -1       132 0.00000E+00 0.00000E+00 0.00000E+00 0.00000E+00 0.00000E+00 0.00000E+00
 -2           0.00000E+00
 -1       133 0.00000E+00 0.00000E+00 0.00000E+00 0.00000E+00 0.00000E+00 0.00000E+00
 -2           0.00000E+00
 -1       134 0.00000E+00 0.00000E+00 0.00000E+00 0.00000E+00 0.00000E+00 0.00000E+00
 -2           0.00000E+00
 -1       135 0.00000E+00 0.00000E+00 0.00000E+00 0.00000E+00 0.00000E+00 0.00000E+00
 -2           0.00000E+00
 -1       136 0.00000E+00 0.00000E+00 0.00000E+00 0.00000E+00 0.00000E+00 0.00000E+00
 -2           0.00000E+00
 -1       137 0.00000E+00 0.00000E+00 0.00000E+00 0.00000E+00 0.00000E+00 0.00000E+00
 -2           0.00000E+00
 -1       138 0.00000E+00 0.00000E+00 0.00000E+00 0.00000E+00 0.00000E+00 0.00000E+00
 -2           0.00000E+00
 -1       139 0.00000E+00 0.00000E+00 0.00000E+00 0.00000E+00 0.00000E+00 0.00000E+00
 -2           0.00000E+00
 -1       140 0.00000E+00 0.00000E+00 0.00000E+00 0.00000E+00 0.00000E+00 0.00000E+00
 -2           0.00000E+00
 -1       141 0.00000E+00 0.00000E+00 0.00000E+00 0.00000E+00 0.00000E+00 0.00000E+00
 -2           0.00000E+00
 -1       142 0.00000E+00 0.00000E+00 0.00000E+00 0.00000E+00 0.00000E+00 0.00000E+00
 -2           0.00000E+00
 -1       143 0.00000E+00 0.00000E+00 0.00000E+00 0.00000E+00 0.00000E+00 0.00000E+00
 -2           0.00000E+00
 -1       144 0.00000E+00 0.00000E+00 0.00000E+00 0.00000E+00 0.00000E+00 0.00000E+00
 -2           0.00000E+00
 -1       145 0.00000E+00 0.00000E+00 0.00000E+00 0.00000E+00 0.00000E+00 0.00000E+00
 -2           0.00000E+00
 -1       146 0.00000E+00 0.00000E+00 0.00000E+00 0.00000E+00 0.00000E+00 0.00000E+00
 -2           0.00000E+00
 -1       147-2.01303E+04 7.34155E+03 1.15017E+05 0.00000E+00 0.00000E+00 0.00000E+00
 -2           1.16996E+05
 -1       148-4.32590E+03-3.35093E+04 1.24725E+05 0.00000E+00 0.00000E+00 0.00000E+00
 -2           1.29220E+05
 -1       149 7.53257E+03-1.45848E+04 1.15770E+05 0.00000E+00 0.00000E+00 0.00000E+00
 -2           1.16928E+05
 -1       150 1.96183E+04 5.87431E+03 1.16930E+05 0.00000E+00 0.00000E+00 0.00000E+00
 -2           1.18710E+05
 -1       151 1.54436E+04 1.52096E+04 1.20766E+05 0.00000E+00 0.00000E+00 0.00000E+00
 -2           1.22696E+05
 -1       152-1.40816E+04 2.22100E+04 1.33489E+05 0.00000E+00 0.00000E+00 0.00000E+00
 -2           1.36055E+05
 -1       153 6.94648E+02 1.19645E+02 1.62959E+05 0.00000E+00 0.00000E+00 0.00000E+00
 -2           1.62961E+05
 -1       154-3.37293E+04 2.59059E+03-1.18422E+05 0.00000E+00 0.00000E+00 0.00000E+00
 -2           1.23159E+05
 -1       155-1.64172E+04-2.99617E+04-1.17797E+05 0.00000E+00 0.00000E+00 0.00000E+00
 -2           1.22651E+05
 -1       156 1.86621E+04-2.97620E+04-1.34925E+05 0.00000E+00 0.00000E+00 0.00000E+00
 -2           1.39423E+05
 -1       157 2.73326E+04 3.38785E+03-1.23969E+05 0.00000E+00 0.00000E+00 0.00000E+00
 -2           1.26991E+05
 -1       158 1.19942E+04 2.14258E+04-1.57181E+05 0.00000E+00 0.00000E+00 0.00000E+00
 -2           1.59087E+05
 -1       159-1.55964E+04 1.98583E+04-1.48098E+05 0.00000E+00 0.00000E+00 0.00000E+00
 -2           1.50235E+05
 -1       160 4.09190E+03-3.00570E+03-1.14076E+05 0.00000E+00 0.00000E+00 0.00000E+00
 -2           1.14189E+05
 -1       161 0.00000E+00 0.00000E+00 0.00000E+00 0.00000E+00 0.00000E+00 0.00000E+00
 -2           0.00000E+00
 -1       162 0.00000E+00 0.00000E+00 0.00000E+00 0.00000E+00 0.00000E+00 0.00000E+00
 -2           0.00000E+00
 -1       163 0.00000E+00 0.00000E+00 0.00000E+00 0.00000E+00 0.00000E+00 0.00000E+00
 -2           0.00000E+00
 -1       164 0.00000E+00 0.00000E+00 0.00000E+00 0.00000E+00 0.00000E+00 0.00000E+00
 -2           0.00000E+00
 -1       165 0.00000E+00 0.00000E+00 0.00000E+00 0.00000E+00 0.00000E+00 0.00000E+00
 -2           0.00000E+00
 -1       166 0.00000E+00 0.00000E+00 0.00000E+00 0.00000E+00 0.00000E+00 0.00000E+00
 -2           0.00000E+00
 -1       167 0.00000E+00 0.00000E+00 0.00000E+00 0.00000E+00 0.00000E+00 0.00000E+00
 -2           0.00000E+00
 -1       168 0.00000E+00 0.00000E+00 0.00000E+00 0.00000E+00 0.00000E+00 0.00000E+00
 -2           0.00000E+00
 -1       169 0.00000E+00 0.00000E+00 0.00000E+00 0.00000E+00 0.00000E+00 0.00000E+00
 -2           0.00000E+00
 -1       170 0.00000E+00 0.00000E+00 0.00000E+00 0.00000E+00 0.00000E+00 0.00000E+00
 -2           0.00000E+00
 -1       171 0.00000E+00 0.00000E+00 0.00000E+00 0.00000E+00 0.00000E+00 0.00000E+00
 -2           0.00000E+00
 -1       172 0.00000E+00 0.00000E+00 0.00000E+00 0.00000E+00 0.00000E+00 0.00000E+00
 -2           0.00000E+00
 -1       173 0.00000E+00 0.00000E+00 0.00000E+00 0.00000E+00 0.00000E+00 0.00000E+00
 -2           0.00000E+00
 -1       174 0.00000E+00 0.00000E+00 0.00000E+00 0.00000E+00 0.00000E+00 0.00000E+00
 -2           0.00000E+00
 -1       175 0.00000E+00 0.00000E+00 0.00000E+00 0.00000E+00 0.00000E+00 0.00000E+00
 -2           0.00000E+00
 -1       176 0.00000E+00 0.00000E+00 0.00000E+00 0.00000E+00 0.00000E+00 0.00000E+00
 -2           0.00000E+00
 -1       177 0.00000E+00 0.00000E+00 0.00000E+00 0.00000E+00 0.00000E+00 0.00000E+00
 -2           0.00000E+00
 -1       178 0.00000E+00 0.00000E+00 0.00000E+00 0.00000E+00 0.00000E+00 0.00000E+00
 -2           0.00000E+00
 -1       179 0.00000E+00 0.00000E+00 0.00000E+00 0.00000E+00 0.00000E+00 0.00000E+00
 -2           0.00000E+00
 -1       180 0.00000E+00 0.00000E+00 0.00000E+00 0.00000E+00 0.00000E+00 0.00000E+00
 -2           0.00000E+00
 -1       181 0.00000E+00 0.00000E+00 0.00000E+00 0.00000E+00 0.00000E+00 0.00000E+00
 -2           0.00000E+00
 -1       182 0.00000E+00 0.00000E+00 0.00000E+00 0.00000E+00 0.00000E+00 0.00000E+00
 -2           0.00000E+00
 -1       183 0.00000E+00 0.00000E+00 0.00000E+00 0.00000E+00 0.00000E+00 0.00000E+00
 -2           0.00000E+00
 -1       184 0.00000E+00 0.00000E+00 0.00000E+00 0.00000E+00 0.00000E+00 0.00000E+00
 -2           0.00000E+00
 -1       185 0.00000E+00 0.00000E+00 0.00000E+00 0.00000E+00 0.00000E+00 0.00000E+00
 -2           0.00000E+00
 -1       186 0.00000E+00 0.00000E+00 0.00000E+00 0.00000E+00 0.00000E+00 0.00000E+00
 -2           0.00000E+00
 -1       187 0.00000E+00 0.00000E+00 0.00000E+00 0.00000E+00 0.00000E+00 0.00000E+00
 -2           0.00000E+00
 -1       188 0.00000E+00 0.00000E+00 0.00000E+00 0.00000E+00 0.00000E+00 0.00000E+00
 -2           0.00000E+00
 -1       189 0.00000E+00 0.00000E+00 0.00000E+00 0.00000E+00 0.00000E+00 0.00000E+00
 -2           0.00000E+00
 -1       190 0.00000E+00 0.00000E+00 0.00000E+00 0.00000E+00 0.00000E+00 0.00000E+00
 -2           0.00000E+00
 -1       191 0.00000E+00 0.00000E+00 0.00000E+00 0.00000E+00 0.00000E+00 0.00000E+00
 -2           0.00000E+00
 -1       192 0.00000E+00 0.00000E+00 0.00000E+00 0.00000E+00 0.00000E+00 0.00000E+00
 -2           0.00000E+00
 -1       193 0.00000E+00 0.00000E+00 0.00000E+00 0.00000E+00 0.00000E+00 0.00000E+00
 -2           0.00000E+00
 -1       194 0.00000E+00 0.00000E+00 0.00000E+00 0.00000E+00 0.00000E+00 0.00000E+00
 -2           0.00000E+00
 -1       195 0.00000E+00 0.00000E+00 0.00000E+00 0.00000E+00 0.00000E+00 0.00000E+00
 -2           0.00000E+00
 -1       196 0.00000E+00 0.00000E+00 0.00000E+00 0.00000E+00 0.00000E+00 0.00000E+00
 -2           0.00000E+00
 -1       197 0.00000E+00 0.00000E+00 0.00000E+00 0.00000E+00 0.00000E+00 0.00000E+00
 -2           0.00000E+00
 -1       198 0.00000E+00 0.00000E+00 0.00000E+00 0.00000E+00 0.00000E+00 0.00000E+00
 -2           0.00000E+00
 -1       199 0.00000E+00 0.00000E+00 0.00000E+00 0.00000E+00 0.00000E+00 0.00000E+00
 -2           0.00000E+00
 -1       200 0.00000E+00 0.00000E+00 0.00000E+00 0.00000E+00 0.00000E+00 0.00000E+00
 -2           0.00000E+00
 -1       201 0.00000E+00 0.00000E+00 0.00000E+00 0.00000E+00 0.00000E+00 0.00000E+00
 -2           0.00000E+00
 -1       202 0.00000E+00 0.00000E+00 0.00000E+00 0.00000E+00 0.00000E+00 0.00000E+00
 -2           0.00000E+00
 -1       203 0.00000E+00 0.00000E+00 0.00000E+00 0.00000E+00 0.00000E+00 0.00000E+00
 -2           0.00000E+00
 -1       204 0.00000E+00 0.00000E+00 0.00000E+00 0.00000E+00 0.00000E+00 0.00000E+00
 -2           0.00000E+00
 -1       205 0.00000E+00 0.00000E+00 0.00000E+00 0.00000E+00 0.00000E+00 0.00000E+00
 -2           0.00000E+00
 -1       206 0.00000E+00 0.00000E+00 0.00000E+00 0.00000E+00 0.00000E+00 0.00000E+00
 -2           0.00000E+00
 -1       207 0.00000E+00 0.00000E+00 0.00000E+00 0.00000E+00 0.00000E+00 0.00000E+00
 -2           0.00000E+00
 -1       208 0.00000E+00 0.00000E+00 0.00000E+00 0.00000E+00 0.00000E+00 0.00000E+00
 -2           0.00000E+00
 -1       209 0.00000E+00 0.00000E+00 0.00000E+00 0.00000E+00 0.00000E+00 0.00000E+00
 -2           0.00000E+00
 -1       210 0.00000E+00 0.00000E+00 0.00000E+00 0.00000E+00 0.00000E+00 0.00000E+00
 -2           0.00000E+00
 -1       211 0.00000E+00 0.00000E+00 0.00000E+00 0.00000E+00 0.00000E+00 0.00000E+00
 -2           0.00000E+00
 -1       212 0.00000E+00 0.00000E+00 0.00000E+00 0.00000E+00 0.00000E+00 0.00000E+00
 -2           0.00000E+00
 -1       213 0.00000E+00 0.00000E+00 0.00000E+00 0.00000E+00 0.00000E+00 0.00000E+00
 -2           0.00000E+00
 -1       214 0.00000E+00 0.00000E+00 0.00000E+00 0.00000E+00 0.00000E+00 0.00000E+00
 -2           0.00000E+00
 -1       215 0.00000E+00 0.00000E+00 0.00000E+00 0.00000E+00 0.00000E+00 0.00000E+00
 -2           0.00000E+00
 -1       216 0.00000E+00 0.00000E+00 0.00000E+00 0.00000E+00 0.00000E+00 0.00000E+00
 -2           0.00000E+00
 -1       217 0.00000E+00 0.00000E+00 0.00000E+00 0.00000E+00 0.00000E+00 0.00000E+00
 -2           0.00000E+00
 -1       218 0.00000E+00 0.00000E+00 0.00000E+00 0.00000E+00 0.00000E+00 0.00000E+00
 -2           0.00000E+00
 -1       219 0.00000E+00 0.00000E+00 0.00000E+00 0.00000E+00 0.00000E+00 0.00000E+00
 -2           0.00000E+00
 -1       220 0.00000E+00 0.00000E+00 0.00000E+00 0.00000E+00 0.00000E+00 0.00000E+00
 -2           0.00000E+00
 -1       221 0.00000E+00 0.00000E+00 0.00000E+00 0.00000E+00 0.00000E+00 0.00000E+00
 -2           0.00000E+00
 -1       222 0.00000E+00 0.00000E+00 0.00000E+00 0.00000E+00 0.00000E+00 0.00000E+00
 -2           0.00000E+00
 -1       223 0.00000E+00 0.00000E+00 0.00000E+00 0.00000E+00 0.00000E+00 0.00000E+00
 -2           0.00000E+00
 -1       224 0.00000E+00 0.00000E+00 0.00000E+00 0.00000E+00 0.00000E+00 0.00000E+00
 -2           0.00000E+00
 -1       225 0.00000E+00 0.00000E+00 0.00000E+00 0.00000E+00 0.00000E+00 0.00000E+00
 -2           0.00000E+00
 -1       226 0.00000E+00 0.00000E+00 0.00000E+00 0.00000E+00 0.00000E+00 0.00000E+00
 -2           0.00000E+00
 -1       227 0.00000E+00 0.00000E+00 0.00000E+00 0.00000E+00 0.00000E+00 0.00000E+00
 -2           0.00000E+00
 -1       228 0.00000E+00 0.00000E+00 0.00000E+00 0.00000E+00 0.00000E+00 0.00000E+00
 -2           0.00000E+00
 -1       229 0.00000E+00 0.00000E+00 0.00000E+00 0.00000E+00 0.00000E+00 0.00000E+00
 -2           0.00000E+00
 -1       230 0.00000E+00 0.00000E+00 0.00000E+00 0.00000E+00 0.00000E+00 0.00000E+00
 -2           0.00000E+00
 -1       231 0.00000E+00 0.00000E+00 0.00000E+00 0.00000E+00 0.00000E+00 0.00000E+00
 -2           0.00000E+00
 -1       232 0.00000E+00 0.00000E+00 0.00000E+00 0.00000E+00 0.00000E+00 0.00000E+00
 -2           0.00000E+00
 -1       233 0.00000E+00 0.00000E+00 0.00000E+00 0.00000E+00 0.00000E+00 0.00000E+00
 -2           0.00000E+00
 -1       234 0.00000E+00 0.00000E+00 0.00000E+00 0.00000E+00 0.00000E+00 0.00000E+00
 -2           0.00000E+00
 -1       235 0.00000E+00 0.00000E+00 0.00000E+00 0.00000E+00 0.00000E+00 0.00000E+00
 -2           0.00000E+00
 -1       236 0.00000E+00 0.00000E+00 0.00000E+00 0.00000E+00 0.00000E+00 0.00000E+00
 -2           0.00000E+00
 -1       237 0.00000E+00 0.00000E+00 0.00000E+00 0.00000E+00 0.00000E+00 0.00000E+00
 -2           0.00000E+00
 -1       238 0.00000E+00 0.00000E+00 0.00000E+00 0.00000E+00 0.00000E+00 0.00000E+00
 -2           0.00000E+00
 -1       239 0.00000E+00 0.00000E+00 0.00000E+00 0.00000E+00 0.00000E+00 0.00000E+00
 -2           0.00000E+00
 -1       240 0.00000E+00 0.00000E+00 0.00000E+00 0.00000E+00 0.00000E+00 0.00000E+00
 -2           0.00000E+00
 -1       241 0.00000E+00 0.00000E+00 0.00000E+00 0.00000E+00 0.00000E+00 0.00000E+00
 -2           0.00000E+00
 -1       242 0.00000E+00 0.00000E+00 0.00000E+00 0.00000E+00 0.00000E+00 0.00000E+00
 -2           0.00000E+00
 -1       243 0.00000E+00 0.00000E+00 0.00000E+00 0.00000E+00 0.00000E+00 0.00000E+00
 -2           0.00000E+00
 -1       244 0.00000E+00 0.00000E+00 0.00000E+00 0.00000E+00 0.00000E+00 0.00000E+00
 -2           0.00000E+00
 -1       245 0.00000E+00 0.00000E+00 0.00000E+00 0.00000E+00 0.00000E+00 0.00000E+00
 -2           0.00000E+00
 -1       246 0.00000E+00 0.00000E+00 0.00000E+00 0.00000E+00 0.00000E+00 0.00000E+00
 -2           0.00000E+00
 -1       247 0.00000E+00 0.00000E+00 0.00000E+00 0.00000E+00 0.00000E+00 0.00000E+00
 -2           0.00000E+00
 -1       248 0.00000E+00 0.00000E+00 0.00000E+00 0.00000E+00 0.00000E+00 0.00000E+00
 -2           0.00000E+00
 -1       249 0.00000E+00 0.00000E+00 0.00000E+00 0.00000E+00 0.00000E+00 0.00000E+00
 -2           0.00000E+00
 -1       250 0.00000E+00 0.00000E+00 0.00000E+00 0.00000E+00 0.00000E+00 0.00000E+00
 -2           0.00000E+00
 -1       251 0.00000E+00 0.00000E+00 0.00000E+00 0.00000E+00 0.00000E+00 0.00000E+00
 -2           0.00000E+00
 -1       252 0.00000E+00 0.00000E+00 0.00000E+00 0.00000E+00 0.00000E+00 0.00000E+00
 -2           0.00000E+00
 -1       253 0.00000E+00 0.00000E+00 0.00000E+00 0.00000E+00 0.00000E+00 0.00000E+00
 -2           0.00000E+00
 -1       254 0.00000E+00 0.00000E+00 0.00000E+00 0.00000E+00 0.00000E+00 0.00000E+00
 -2           0.00000E+00
 -1       255 0.00000E+00 0.00000E+00 0.00000E+00 0.00000E+00 0.00000E+00 0.00000E+00
 -2           0.00000E+00
 -1       256 0.00000E+00 0.00000E+00 0.00000E+00 0.00000E+00 0.00000E+00 0.00000E+00
 -2           0.00000E+00
 -1       257 0.00000E+00 0.00000E+00 0.00000E+00 0.00000E+00 0.00000E+00 0.00000E+00
 -2           0.00000E+00
 -1       258 0.00000E+00 0.00000E+00 0.00000E+00 0.00000E+00 0.00000E+00 0.00000E+00
 -2           0.00000E+00
 -1       259 0.00000E+00 0.00000E+00 0.00000E+00 0.00000E+00 0.00000E+00 0.00000E+00
 -2           0.00000E+00
 -1       260 0.00000E+00 0.00000E+00 0.00000E+00 0.00000E+00 0.00000E+00 0.00000E+00
 -2           0.00000E+00
 -1       261 0.00000E+00 0.00000E+00 0.00000E+00 0.00000E+00 0.00000E+00 0.00000E+00
 -2           0.00000E+00
 -1       262 0.00000E+00 0.00000E+00 0.00000E+00 0.00000E+00 0.00000E+00 0.00000E+00
 -2           0.00000E+00
 -1       263 0.00000E+00 0.00000E+00 0.00000E+00 0.00000E+00 0.00000E+00 0.00000E+00
 -2           0.00000E+00
 -1       264 0.00000E+00 0.00000E+00 0.00000E+00 0.00000E+00 0.00000E+00 0.00000E+00
 -2           0.00000E+00
 -1       265 0.00000E+00 0.00000E+00 0.00000E+00 0.00000E+00 0.00000E+00 0.00000E+00
 -2           0.00000E+00
 -1       266 0.00000E+00 0.00000E+00 0.00000E+00 0.00000E+00 0.00000E+00 0.00000E+00
 -2           0.00000E+00
 -3
 9999
